timestamp,load_kwh,hourly_kwh,is_outlier_mad,hourly_kwh_clean
2024-03-01 00:00:00,,,False,1.82
2024-03-01 01:00:00,,,False,2.0
2024-03-01 02:00:00,,,False,2.0
2024-03-01 03:00:00,,,False,2.0
2024-03-01 04:00:00,,,False,2.0
2024-03-01 05:00:00,,,False,2.0
2024-03-01 06:00:00,,,False,2.0
2024-03-01 07:00:00,,,False,2.0
2024-03-01 08:00:00,,,False,2.0
2024-03-01 09:00:00,,,False,2.0
2024-03-01 10:00:00,,,False,2.0
2024-03-01 11:00:00,,,False,2.88
2024-03-01 12:00:00,,,False,4.47
2024-03-01 13:00:00,,,False,4.16
2024-03-01 14:00:00,,,False,3.55
2024-03-01 15:00:00,,,False,4.69
2024-03-01 16:00:00,,,False,5.03
2024-03-01 17:00:00,,,False,5.03
2024-03-01 18:00:00,,,False,5.41
2024-03-01 19:00:00,,,False,6.33
2024-03-01 20:00:00,,,False,6.41
2024-03-01 21:00:00,,,False,4.47
2024-03-01 22:00:00,,,False,2.0
2024-03-01 23:00:00,,,False,2.0
2024-03-02 00:00:00,,,False,1.92
2024-03-02 01:00:00,,,False,2.0
2024-03-02 02:00:00,,,False,2.0
2024-03-02 03:00:00,,,False,2.0
2024-03-02 04:00:00,,,False,2.0
2024-03-02 05:00:00,,,False,2.0
2024-03-02 06:00:00,,,False,2.0
2024-03-02 07:00:00,,,False,2.0
2024-03-02 08:00:00,,,False,2.0
2024-03-02 09:00:00,,,False,2.0
2024-03-02 10:00:00,,,False,2.0
2024-03-02 11:00:00,,,False,2.99
2024-03-02 12:00:00,,,False,4.78
2024-03-02 13:00:00,,,False,4.44
2024-03-02 14:00:00,,,False,3.74
2024-03-02 15:00:00,,,False,4.9
2024-03-02 16:00:00,,,False,5.28
2024-03-02 17:00:00,,,False,5.28
2024-03-02 18:00:00,,,False,5.71
2024-03-02 19:00:00,,,False,6.87
2024-03-02 20:00:00,,,False,6.96
2024-03-02 21:00:00,,,False,4.78
2024-03-02 22:00:00,,,False,2.0
2024-03-02 23:00:00,,,False,2.0
2024-03-03 00:00:00,,,False,1.91
2024-03-03 01:00:00,,,False,2.0
2024-03-03 02:00:00,,,False,2.0
2024-03-03 03:00:00,,,False,2.0
2024-03-03 04:00:00,,,False,2.0
2024-03-03 05:00:00,,,False,2.0
2024-03-03 06:00:00,,,False,2.0
2024-03-03 07:00:00,,,False,2.0
2024-03-03 08:00:00,,,False,2.0
2024-03-03 09:00:00,,,False,2.0
2024-03-03 10:00:00,,,False,2.0
2024-03-03 11:00:00,,,False,2.99
2024-03-03 12:00:00,,,False,4.9
2024-03-03 13:00:00,,,False,4.5
2024-03-03 14:00:00,,,False,3.99
2024-03-03 15:00:00,,,False,5.02
2024-03-03 16:00:00,,,False,5.46
2024-03-03 17:00:00,,,False,5.46
2024-03-03 18:00:00,,,False,5.67
2024-03-03 19:00:00,,,False,6.14
2024-03-03 20:00:00,,,False,6.24
2024-03-03 21:00:00,,,False,4.04
2024-03-03 22:00:00,,,False,2.0
2024-03-03 23:00:00,,,False,2.0
2024-03-04 00:00:00,,,False,1.89
2024-03-04 01:00:00,,,False,2.0
2024-03-04 02:00:00,,,False,2.0
2024-03-04 03:00:00,,,False,2.0
2024-03-04 04:00:00,,,False,2.0
2024-03-04 05:00:00,,,False,2.0
2024-03-04 06:00:00,,,False,2.0
2024-03-04 07:00:00,,,False,1.86
2024-03-04 08:00:00,,,False,2.0
2024-03-04 09:00:00,,,False,2.0
2024-03-04 10:00:00,,,False,2.0
2024-03-04 11:00:00,,,False,2.82
2024-03-04 12:00:00,,,False,4.38
2024-03-04 13:00:00,,,False,4.08
2024-03-04 14:00:00,,,False,3.49
2024-03-04 15:00:00,,,False,4.69
2024-03-04 16:00:00,,,False,5.04
2024-03-04 17:00:00,,,False,5.04
2024-03-04 18:00:00,,,False,5.28
2024-03-04 19:00:00,,,False,6.16
2024-03-04 20:00:00,,,False,6.28
2024-03-04 21:00:00,,,False,4.38
2024-03-04 22:00:00,,,False,2.0
2024-03-04 23:00:00,,,False,2.0
2024-03-05 00:00:00,,,False,1.87
2024-03-05 01:00:00,,,False,2.0
2024-03-05 02:00:00,,,False,2.0
2024-03-05 03:00:00,,,False,2.0
2024-03-05 04:00:00,,,False,2.0
2024-03-05 05:00:00,,,False,2.0
2024-03-05 06:00:00,,,False,2.0
2024-03-05 07:00:00,,,False,2.0
2024-03-05 08:00:00,,,False,2.0
2024-03-05 09:00:00,,,False,2.0
2024-03-05 10:00:00,,,False,2.0
2024-03-05 11:00:00,,,False,2.89
2024-03-05 12:00:00,,,False,4.53
2024-03-05 13:00:00,,,False,4.22
2024-03-05 14:00:00,,,False,3.58
2024-03-05 15:00:00,,,False,4.83
2024-03-05 16:00:00,,,False,5.2
2024-03-05 17:00:00,,,False,5.2
2024-03-05 18:00:00,23014.0,,False,5.38
2024-03-05 19:00:00,23037.0,23.0,False,23.0
2024-03-05 20:00:00,23060.0,23.0,False,23.0
2024-03-05 21:00:00,23083.0,23.0,False,23.0
2024-03-05 22:00:00,23105.0,22.0,False,22.0
2024-03-05 23:00:00,23113.0,8.0,False,8.0
2024-03-06 00:00:00,23116.0,3.0,False,3.0
2024-03-06 01:00:00,23119.0,3.0,False,3.0
2024-03-06 02:00:00,23121.0,2.0,False,2.0
2024-03-06 03:00:00,23124.0,3.0,False,3.0
2024-03-06 04:00:00,23127.0,3.0,False,3.0
2024-03-06 05:00:00,23129.0,2.0,False,2.0
2024-03-06 06:00:00,23132.0,3.0,False,3.0
2024-03-06 07:00:00,23135.0,3.0,False,3.0
2024-03-06 08:00:00,23139.0,4.0,False,4.0
2024-03-06 09:00:00,23152.0,13.0,False,13.0
2024-03-06 10:00:00,23172.0,20.0,False,20.0
2024-03-06 11:00:00,23189.0,17.0,False,17.0
2024-03-06 12:00:00,23206.0,17.0,False,17.0
2024-03-06 13:00:00,23216.0,10.0,False,10.0
2024-03-06 14:00:00,23226.0,10.0,False,10.0
2024-03-06 15:00:00,23242.0,16.0,False,16.0
2024-03-06 16:00:00,23256.0,14.0,False,14.0
2024-03-06 17:00:00,23270.0,14.0,False,14.0
2024-03-06 18:00:00,23285.0,15.0,False,15.0
2024-03-06 19:00:00,23295.0,10.0,False,10.0
2024-03-06 20:00:00,23306.0,11.0,False,11.0
2024-03-06 21:00:00,23320.0,14.0,False,14.0
2024-03-06 22:00:00,23333.0,13.0,False,13.0
2024-03-06 23:00:00,23337.0,4.0,False,4.0
2024-03-07 00:00:00,23340.0,3.0,False,3.0
2024-03-07 01:00:00,23344.0,4.0,False,4.0
2024-03-07 02:00:00,23347.0,3.0,False,3.0
2024-03-07 03:00:00,23350.0,3.0,False,3.0
2024-03-07 04:00:00,23353.0,3.0,False,3.0
2024-03-07 05:00:00,23357.0,4.0,False,4.0
2024-03-07 06:00:00,23360.0,3.0,False,3.0
2024-03-07 07:00:00,23363.0,3.0,False,3.0
2024-03-07 08:00:00,23370.0,7.0,False,7.0
2024-03-07 09:00:00,23385.0,15.0,False,15.0
2024-03-07 10:00:00,23401.0,16.0,False,16.0
2024-03-07 11:00:00,23416.0,15.0,False,15.0
2024-03-07 12:00:00,23429.0,13.0,False,13.0
2024-03-07 13:00:00,23438.0,9.0,False,9.0
2024-03-07 14:00:00,23446.0,8.0,False,8.0
2024-03-07 15:00:00,23458.0,12.0,False,12.0
2024-03-07 16:00:00,23470.0,12.0,False,12.0
2024-03-07 17:00:00,23482.0,12.0,False,12.0
2024-03-07 18:00:00,23501.0,19.0,False,19.0
2024-03-07 19:00:00,23517.0,16.0,False,16.0
2024-03-07 20:00:00,23539.0,22.0,False,22.0
2024-03-07 21:00:00,23559.0,20.0,False,20.0
2024-03-07 22:00:00,23579.0,20.0,False,20.0
2024-03-07 23:00:00,23585.0,6.0,False,6.0
2024-03-08 00:00:00,23588.0,3.0,False,3.0
2024-03-08 01:00:00,23590.0,2.0,False,2.0
2024-03-08 02:00:00,23593.0,3.0,False,3.0
2024-03-08 03:00:00,23596.0,3.0,False,3.0
2024-03-08 04:00:00,23599.0,3.0,False,3.0
2024-03-08 05:00:00,23601.0,2.0,False,2.0
2024-03-08 06:00:00,23604.0,3.0,False,3.0
2024-03-08 07:00:00,23607.0,3.0,False,3.0
2024-03-08 08:00:00,23611.0,4.0,False,4.0
2024-03-08 09:00:00,23617.0,6.0,False,6.0
2024-03-08 10:00:00,23626.0,9.0,False,9.0
2024-03-08 11:00:00,23637.0,11.0,False,11.0
2024-03-08 12:00:00,23648.0,11.0,False,11.0
2024-03-08 13:00:00,23661.0,13.0,False,13.0
2024-03-08 14:00:00,23677.0,16.0,False,16.0
2024-03-08 15:00:00,23696.0,19.0,False,19.0
2024-03-08 16:00:00,23715.0,19.0,False,19.0
2024-03-08 17:00:00,23734.0,19.0,False,19.0
2024-03-08 18:00:00,23753.0,19.0,False,19.0
2024-03-08 19:00:00,23770.0,17.0,False,17.0
2024-03-08 20:00:00,23788.0,18.0,False,18.0
2024-03-08 21:00:00,23806.0,18.0,False,18.0
2024-03-08 22:00:00,23824.0,18.0,False,18.0
2024-03-08 23:00:00,23829.0,5.0,False,5.0
2024-03-09 00:00:00,23832.0,3.0,False,3.0
2024-03-09 01:00:00,23835.0,3.0,False,3.0
2024-03-09 02:00:00,23838.0,3.0,False,3.0
2024-03-09 03:00:00,23840.0,2.0,False,2.0
2024-03-09 04:00:00,23843.0,3.0,False,3.0
2024-03-09 05:00:00,23846.0,3.0,False,3.0
2024-03-09 06:00:00,23848.0,2.0,False,2.0
2024-03-09 07:00:00,23852.0,4.0,False,4.0
2024-03-09 08:00:00,23855.0,3.0,False,3.0
2024-03-09 09:00:00,23861.0,6.0,False,6.0
2024-03-09 10:00:00,23869.0,8.0,False,8.0
2024-03-09 11:00:00,23878.0,9.0,False,9.0
2024-03-09 12:00:00,23887.0,9.0,False,9.0
2024-03-09 13:00:00,23895.0,8.0,False,8.0
2024-03-09 14:00:00,23904.0,9.0,False,9.0
2024-03-09 15:00:00,23914.0,10.0,False,10.0
2024-03-09 16:00:00,23925.0,11.0,False,11.0
2024-03-09 17:00:00,23935.0,10.0,False,10.0
2024-03-09 18:00:00,23945.0,10.0,False,10.0
2024-03-09 19:00:00,23954.0,9.0,False,9.0
2024-03-09 20:00:00,23964.0,10.0,False,10.0
2024-03-09 21:00:00,23976.0,12.0,False,12.0
2024-03-09 22:00:00,23988.0,12.0,False,12.0
2024-03-09 23:00:00,23992.0,4.0,False,4.0
2024-03-10 00:00:00,23995.0,3.0,False,3.0
2024-03-10 01:00:00,23997.0,2.0,False,2.0
2024-03-10 02:00:00,24000.0,3.0,False,3.0
2024-03-10 03:00:00,24005.0,5.0,False,5.0
2024-03-10 04:00:00,24010.0,5.0,False,5.0
2024-03-10 05:00:00,24015.0,5.0,False,5.0
2024-03-10 06:00:00,24019.0,4.0,False,4.0
2024-03-10 07:00:00,24025.0,6.0,False,6.0
2024-03-10 08:00:00,24027.0,2.0,False,2.0
2024-03-10 09:00:00,24032.0,5.0,False,5.0
2024-03-10 10:00:00,24038.0,6.0,False,6.0
2024-03-10 11:00:00,24046.0,8.0,False,8.0
2024-03-10 12:00:00,24056.0,10.0,False,10.0
2024-03-10 13:00:00,24069.0,13.0,False,13.0
2024-03-10 14:00:00,24081.0,12.0,False,12.0
2024-03-10 15:00:00,24094.0,13.0,False,13.0
2024-03-10 16:00:00,24111.0,17.0,False,17.0
2024-03-10 17:00:00,24127.0,16.0,False,16.0
2024-03-10 18:00:00,24143.0,16.0,False,16.0
2024-03-10 19:00:00,24159.0,16.0,False,16.0
2024-03-10 20:00:00,24175.0,16.0,False,16.0
2024-03-10 21:00:00,24188.0,13.0,False,13.0
2024-03-10 22:00:00,24203.0,15.0,False,15.0
2024-03-10 23:00:00,24210.0,7.0,False,7.0
2024-03-11 00:00:00,24213.0,3.0,False,3.0
2024-03-11 01:00:00,24216.0,3.0,False,3.0
2024-03-11 02:00:00,24218.0,2.0,False,2.0
2024-03-11 03:00:00,24221.0,3.0,False,3.0
2024-03-11 04:00:00,24223.0,2.0,False,2.0
2024-03-11 05:00:00,24226.0,3.0,False,3.0
2024-03-11 06:00:00,24229.0,3.0,False,3.0
2024-03-11 07:00:00,24232.0,3.0,False,3.0
2024-03-11 08:00:00,24237.0,5.0,False,5.0
2024-03-11 09:00:00,24248.0,11.0,False,11.0
2024-03-11 10:00:00,24261.0,13.0,False,13.0
2024-03-11 11:00:00,24276.0,15.0,False,15.0
2024-03-11 12:00:00,24291.0,15.0,False,15.0
2024-03-11 13:00:00,24302.0,11.0,False,11.0
2024-03-11 14:00:00,24313.0,11.0,False,11.0
2024-03-11 15:00:00,24326.0,13.0,False,13.0
2024-03-11 16:00:00,24339.0,13.0,False,13.0
2024-03-11 17:00:00,24353.0,14.0,False,14.0
2024-03-11 18:00:00,24368.0,15.0,False,15.0
2024-03-11 19:00:00,24376.0,8.0,False,8.0
2024-03-11 20:00:00,24387.0,11.0,False,11.0
2024-03-11 21:00:00,24397.0,10.0,False,10.0
2024-03-11 22:00:00,24407.0,10.0,False,10.0
2024-03-11 23:00:00,24411.0,4.0,False,4.0
2024-03-12 00:00:00,24414.0,3.0,False,3.0
2024-03-12 01:00:00,24417.0,3.0,False,3.0
2024-03-12 02:00:00,24419.0,2.0,False,2.0
2024-03-12 03:00:00,24422.0,3.0,False,3.0
2024-03-12 04:00:00,24425.0,3.0,False,3.0
2024-03-12 05:00:00,24428.0,3.0,False,3.0
2024-03-12 06:00:00,24430.0,2.0,False,2.0
2024-03-12 07:00:00,24433.0,3.0,False,3.0
2024-03-12 08:00:00,24439.0,6.0,False,6.0
2024-03-12 09:00:00,24453.0,14.0,False,14.0
2024-03-12 10:00:00,24469.0,16.0,False,16.0
2024-03-12 11:00:00,24484.0,15.0,False,15.0
2024-03-12 12:00:00,24499.0,15.0,False,15.0
2024-03-12 13:00:00,24507.0,8.0,False,8.0
2024-03-12 14:00:00,24515.0,8.0,False,8.0
2024-03-12 15:00:00,24525.0,10.0,False,10.0
2024-03-12 16:00:00,24535.0,10.0,False,10.0
2024-03-12 17:00:00,24547.0,12.0,False,12.0
2024-03-12 18:00:00,24561.0,14.0,False,14.0
2024-03-12 19:00:00,24573.0,12.0,False,12.0
2024-03-12 20:00:00,24587.0,14.0,False,14.0
2024-03-12 21:00:00,24600.0,13.0,False,13.0
2024-03-12 22:00:00,24613.0,13.0,False,13.0
2024-03-12 23:00:00,24617.0,4.0,False,4.0
2024-03-13 00:00:00,24620.0,3.0,False,3.0
2024-03-13 01:00:00,24622.0,2.0,False,2.0
2024-03-13 02:00:00,24625.0,3.0,False,3.0
2024-03-13 03:00:00,24628.0,3.0,False,3.0
2024-03-13 04:00:00,24631.0,3.0,False,3.0
2024-03-13 05:00:00,24633.0,2.0,False,2.0
2024-03-13 06:00:00,24636.0,3.0,False,3.0
2024-03-13 07:00:00,24639.0,3.0,False,3.0
2024-03-13 08:00:00,24644.0,5.0,False,5.0
2024-03-13 09:00:00,24657.0,13.0,False,13.0
2024-03-13 10:00:00,24671.0,14.0,False,14.0
2024-03-13 11:00:00,24685.0,14.0,False,14.0
2024-03-13 12:00:00,24699.0,14.0,False,14.0
2024-03-13 13:00:00,24707.0,8.0,False,8.0
2024-03-13 14:00:00,24717.0,10.0,False,10.0
2024-03-13 15:00:00,24731.0,14.0,False,14.0
2024-03-13 16:00:00,24744.0,13.0,False,13.0
2024-03-13 17:00:00,24758.0,14.0,False,14.0
2024-03-13 18:00:00,24772.0,14.0,False,14.0
2024-03-13 19:00:00,24781.0,9.0,False,9.0
2024-03-13 20:00:00,24792.0,11.0,False,11.0
2024-03-13 21:00:00,24802.0,10.0,False,10.0
2024-03-13 22:00:00,24812.0,10.0,False,10.0
2024-03-13 23:00:00,24816.0,4.0,False,4.0
2024-03-14 00:00:00,24819.0,3.0,False,3.0
2024-03-14 01:00:00,24822.0,3.0,False,3.0
2024-03-14 02:00:00,24825.0,3.0,False,3.0
2024-03-14 03:00:00,24827.0,2.0,False,2.0
2024-03-14 04:00:00,24830.0,3.0,False,3.0
2024-03-14 05:00:00,24833.0,3.0,False,3.0
2024-03-14 06:00:00,24836.0,3.0,False,3.0
2024-03-14 07:00:00,24839.0,3.0,False,3.0
2024-03-14 08:00:00,24845.0,6.0,False,6.0
2024-03-14 09:00:00,24857.0,12.0,False,12.0
2024-03-14 10:00:00,24871.0,14.0,False,14.0
2024-03-14 11:00:00,24883.0,12.0,False,12.0
2024-03-14 12:00:00,24895.0,12.0,False,12.0
2024-03-14 13:00:00,24905.0,10.0,False,10.0
2024-03-14 14:00:00,24915.0,10.0,False,10.0
2024-03-14 15:00:00,24928.0,13.0,False,13.0
2024-03-14 16:00:00,24942.0,14.0,False,14.0
2024-03-14 17:00:00,24956.0,14.0,False,14.0
2024-03-14 18:00:00,24969.0,13.0,False,13.0
2024-03-14 19:00:00,24979.0,10.0,False,10.0
2024-03-14 20:00:00,24990.0,11.0,False,11.0
2024-03-14 21:00:00,25001.0,11.0,False,11.0
2024-03-14 22:00:00,25011.0,10.0,False,10.0
2024-03-14 23:00:00,25015.0,4.0,False,4.0
2024-03-15 00:00:00,25018.0,3.0,False,3.0
2024-03-15 01:00:00,25021.0,3.0,False,3.0
2024-03-15 02:00:00,25024.0,3.0,False,3.0
2024-03-15 03:00:00,25026.0,2.0,False,2.0
2024-03-15 04:00:00,25029.0,3.0,False,3.0
2024-03-15 05:00:00,25032.0,3.0,False,3.0
2024-03-15 06:00:00,25034.0,2.0,False,2.0
2024-03-15 07:00:00,25037.0,3.0,False,3.0
2024-03-15 08:00:00,25042.0,5.0,False,5.0
2024-03-15 09:00:00,25050.0,8.0,False,8.0
2024-03-15 10:00:00,25060.0,10.0,False,10.0
2024-03-15 11:00:00,25071.0,11.0,False,11.0
2024-03-15 12:00:00,25083.0,12.0,False,12.0
2024-03-15 13:00:00,25091.0,8.0,False,8.0
2024-03-15 14:00:00,25100.0,9.0,False,9.0
2024-03-15 15:00:00,25113.0,13.0,False,13.0
2024-03-15 16:00:00,25127.0,14.0,False,14.0
2024-03-15 17:00:00,25139.0,12.0,False,12.0
2024-03-15 18:00:00,25152.0,13.0,False,13.0
2024-03-15 19:00:00,25160.0,8.0,False,8.0
2024-03-15 20:00:00,25169.0,9.0,False,9.0
2024-03-15 21:00:00,25178.0,9.0,False,9.0
2024-03-15 22:00:00,25187.0,9.0,False,9.0
2024-03-15 23:00:00,25191.0,4.0,False,4.0
2024-03-16 00:00:00,25195.0,4.0,False,4.0
2024-03-16 01:00:00,25198.0,3.0,False,3.0
2024-03-16 02:00:00,25201.0,3.0,False,3.0
2024-03-16 03:00:00,25204.0,3.0,False,3.0
2024-03-16 04:00:00,25207.0,3.0,False,3.0
2024-03-16 05:00:00,25210.0,3.0,False,3.0
2024-03-16 06:00:00,25213.0,3.0,False,3.0
2024-03-16 07:00:00,25217.0,4.0,False,4.0
2024-03-16 08:00:00,25223.0,6.0,False,6.0
2024-03-16 09:00:00,25233.0,10.0,False,10.0
2024-03-16 10:00:00,25246.0,13.0,False,13.0
2024-03-16 11:00:00,25261.0,15.0,False,15.0
2024-03-16 12:00:00,25273.0,12.0,False,12.0
2024-03-16 13:00:00,25283.0,10.0,False,10.0
2024-03-16 14:00:00,25293.0,10.0,False,10.0
2024-03-16 15:00:00,25304.0,11.0,False,11.0
2024-03-16 16:00:00,25314.0,10.0,False,10.0
2024-03-16 17:00:00,25324.0,10.0,False,10.0
2024-03-16 18:00:00,25334.0,10.0,False,10.0
2024-03-16 19:00:00,25344.0,10.0,False,10.0
2024-03-16 20:00:00,25353.0,9.0,False,9.0
2024-03-16 21:00:00,25363.0,10.0,False,10.0
2024-03-16 22:00:00,25372.0,9.0,False,9.0
2024-03-16 23:00:00,25375.0,3.0,False,3.0
2024-03-17 00:00:00,25378.0,3.0,False,3.0
2024-03-17 01:00:00,25381.0,3.0,False,3.0
2024-03-17 02:00:00,25384.0,3.0,False,3.0
2024-03-17 03:00:00,25386.0,2.0,False,2.0
2024-03-17 04:00:00,25389.0,3.0,False,3.0
2024-03-17 05:00:00,25392.0,3.0,False,3.0
2024-03-17 06:00:00,25394.0,2.0,False,2.0
2024-03-17 07:00:00,25397.0,3.0,False,3.0
2024-03-17 08:00:00,25401.0,4.0,False,4.0
2024-03-17 09:00:00,25409.0,8.0,False,8.0
2024-03-17 10:00:00,25419.0,10.0,False,10.0
2024-03-17 11:00:00,25430.0,11.0,False,11.0
2024-03-17 12:00:00,25441.0,11.0,False,11.0
2024-03-17 13:00:00,25452.0,11.0,False,11.0
2024-03-17 14:00:00,25464.0,12.0,False,12.0
2024-03-17 15:00:00,25477.0,13.0,False,13.0
2024-03-17 16:00:00,25491.0,14.0,False,14.0
2024-03-17 17:00:00,25507.0,16.0,False,16.0
2024-03-17 18:00:00,25523.0,16.0,False,16.0
2024-03-17 19:00:00,25539.0,16.0,False,16.0
2024-03-17 20:00:00,25554.0,15.0,False,15.0
2024-03-17 21:00:00,25570.0,16.0,False,16.0
2024-03-17 22:00:00,25585.0,15.0,False,15.0
2024-03-17 23:00:00,25589.0,4.0,False,4.0
2024-03-18 00:00:00,25592.0,3.0,False,3.0
2024-03-18 01:00:00,25594.0,2.0,False,2.0
2024-03-18 02:00:00,25597.0,3.0,False,3.0
2024-03-18 03:00:00,25600.0,3.0,False,3.0
2024-03-18 04:00:00,25603.0,3.0,False,3.0
2024-03-18 05:00:00,25605.0,2.0,False,2.0
2024-03-18 06:00:00,25608.0,3.0,False,3.0
2024-03-18 07:00:00,25611.0,3.0,False,3.0
2024-03-18 08:00:00,25616.0,5.0,False,5.0
2024-03-18 09:00:00,25626.0,10.0,False,10.0
2024-03-18 10:00:00,25636.0,10.0,False,10.0
2024-03-18 11:00:00,25647.0,11.0,False,11.0
2024-03-18 12:00:00,25657.0,10.0,False,10.0
2024-03-18 13:00:00,25667.0,10.0,False,10.0
2024-03-18 14:00:00,25677.0,10.0,False,10.0
2024-03-18 15:00:00,25689.0,12.0,False,12.0
2024-03-18 16:00:00,25701.0,12.0,False,12.0
2024-03-18 17:00:00,25714.0,13.0,False,13.0
2024-03-18 18:00:00,25727.0,13.0,False,13.0
2024-03-18 19:00:00,25736.0,9.0,False,9.0
2024-03-18 20:00:00,25747.0,11.0,False,11.0
2024-03-18 21:00:00,25757.0,10.0,False,10.0
2024-03-18 22:00:00,25767.0,10.0,False,10.0
2024-03-18 23:00:00,25771.0,4.0,False,4.0
2024-03-19 00:00:00,25774.0,3.0,False,3.0
2024-03-19 01:00:00,25776.0,2.0,False,2.0
2024-03-19 02:00:00,25779.0,3.0,False,3.0
2024-03-19 03:00:00,25782.0,3.0,False,3.0
2024-03-19 04:00:00,25784.0,2.0,False,2.0
2024-03-19 05:00:00,25787.0,3.0,False,3.0
2024-03-19 06:00:00,25790.0,3.0,False,3.0
2024-03-19 07:00:00,25793.0,3.0,False,3.0
2024-03-19 08:00:00,25798.0,5.0,False,5.0
2024-03-19 09:00:00,25811.0,13.0,False,13.0
2024-03-19 10:00:00,25825.0,14.0,False,14.0
2024-03-19 11:00:00,25839.0,14.0,False,14.0
2024-03-19 12:00:00,25853.0,14.0,False,14.0
2024-03-19 13:00:00,25862.0,9.0,False,9.0
2024-03-19 14:00:00,25871.0,9.0,False,9.0
2024-03-19 15:00:00,25881.0,10.0,False,10.0
2024-03-19 16:00:00,25891.0,10.0,False,10.0
2024-03-19 17:00:00,25903.0,12.0,False,12.0
2024-03-19 18:00:00,25914.0,11.0,False,11.0
2024-03-19 19:00:00,25923.0,9.0,False,9.0
2024-03-19 20:00:00,25933.0,10.0,False,10.0
2024-03-19 21:00:00,25943.0,10.0,False,10.0
2024-03-19 22:00:00,25953.0,10.0,False,10.0
2024-03-19 23:00:00,25957.0,4.0,False,4.0
2024-03-20 00:00:00,25960.0,3.0,False,3.0
2024-03-20 01:00:00,25962.0,2.0,False,2.0
2024-03-20 02:00:00,25965.0,3.0,False,3.0
2024-03-20 03:00:00,25967.0,2.0,False,2.0
2024-03-20 04:00:00,25970.0,3.0,False,3.0
2024-03-20 05:00:00,25973.0,3.0,False,3.0
2024-03-20 06:00:00,25975.0,2.0,False,2.0
2024-03-20 07:00:00,25978.0,3.0,False,3.0
2024-03-20 08:00:00,25984.0,6.0,False,6.0
2024-03-20 09:00:00,26001.0,17.0,False,17.0
2024-03-20 10:00:00,26017.0,16.0,False,16.0
2024-03-20 11:00:00,26032.0,15.0,False,15.0
2024-03-20 12:00:00,26046.0,14.0,False,14.0
2024-03-20 13:00:00,26055.0,9.0,False,9.0
2024-03-20 14:00:00,26063.0,8.0,False,8.0
2024-03-20 15:00:00,26076.0,13.0,False,13.0
2024-03-20 16:00:00,26090.0,14.0,False,14.0
2024-03-20 17:00:00,26104.0,14.0,False,14.0
2024-03-20 18:00:00,26119.0,15.0,False,15.0
2024-03-20 19:00:00,26129.0,10.0,False,10.0
2024-03-20 20:00:00,26141.0,12.0,False,12.0
2024-03-20 21:00:00,26152.0,11.0,False,11.0
2024-03-20 22:00:00,26162.0,10.0,False,10.0
2024-03-20 23:00:00,26166.0,4.0,False,4.0
2024-03-21 00:00:00,26169.0,3.0,False,3.0
2024-03-21 01:00:00,26172.0,3.0,False,3.0
2024-03-21 02:00:00,26175.0,3.0,False,3.0
2024-03-21 03:00:00,26177.0,2.0,False,2.0
2024-03-21 04:00:00,26180.0,3.0,False,3.0
2024-03-21 05:00:00,26182.0,2.0,False,2.0
2024-03-21 06:00:00,26185.0,3.0,False,3.0
2024-03-21 07:00:00,26188.0,3.0,False,3.0
2024-03-21 08:00:00,26193.0,5.0,False,5.0
2024-03-21 09:00:00,26207.0,14.0,False,14.0
2024-03-21 10:00:00,26220.0,13.0,False,13.0
2024-03-21 11:00:00,26232.0,12.0,False,12.0
2024-03-21 12:00:00,26243.0,11.0,False,11.0
2024-03-21 13:00:00,26250.0,7.0,False,7.0
2024-03-21 14:00:00,26256.0,6.0,False,6.0
2024-03-21 15:00:00,26267.0,11.0,False,11.0
2024-03-21 16:00:00,26278.0,11.0,False,11.0
2024-03-21 17:00:00,26288.0,10.0,False,10.0
2024-03-21 18:00:00,26299.0,11.0,False,11.0
2024-03-21 19:00:00,26308.0,9.0,False,9.0
2024-03-21 20:00:00,26317.0,9.0,False,9.0
2024-03-21 21:00:00,26327.0,10.0,False,10.0
2024-03-21 22:00:00,26336.0,9.0,False,9.0
2024-03-21 23:00:00,26340.0,4.0,False,4.0
2024-03-22 00:00:00,26343.0,3.0,False,3.0
2024-03-22 01:00:00,26346.0,3.0,False,3.0
2024-03-22 02:00:00,26349.0,3.0,False,3.0
2024-03-22 03:00:00,26352.0,3.0,False,3.0
2024-03-22 04:00:00,26355.0,3.0,False,3.0
2024-03-22 05:00:00,26358.0,3.0,False,3.0
2024-03-22 06:00:00,26361.0,3.0,False,3.0
2024-03-22 07:00:00,26364.0,3.0,False,3.0
2024-03-22 08:00:00,26369.0,5.0,False,5.0
2024-03-22 09:00:00,26376.0,7.0,False,7.0
2024-03-22 10:00:00,26385.0,9.0,False,9.0
2024-03-22 11:00:00,26396.0,11.0,False,11.0
2024-03-22 12:00:00,26406.0,10.0,False,10.0
2024-03-22 13:00:00,26416.0,10.0,False,10.0
2024-03-22 14:00:00,26425.0,9.0,False,9.0
2024-03-22 15:00:00,26437.0,12.0,False,12.0
2024-03-22 16:00:00,26449.0,12.0,False,12.0
2024-03-22 17:00:00,26460.0,11.0,False,11.0
2024-03-22 18:00:00,26471.0,11.0,False,11.0
2024-03-22 19:00:00,26480.0,9.0,False,9.0
2024-03-22 20:00:00,26490.0,10.0,False,10.0
2024-03-22 21:00:00,26500.0,10.0,False,10.0
2024-03-22 22:00:00,26509.0,9.0,False,9.0
2024-03-22 23:00:00,26513.0,4.0,False,4.0
2024-03-23 00:00:00,26516.0,3.0,False,3.0
2024-03-23 01:00:00,26518.0,2.0,False,2.0
2024-03-23 02:00:00,26521.0,3.0,False,3.0
2024-03-23 03:00:00,26523.0,2.0,False,2.0
2024-03-23 04:00:00,26526.0,3.0,False,3.0
2024-03-23 05:00:00,26529.0,3.0,False,3.0
2024-03-23 06:00:00,26531.0,2.0,False,2.0
2024-03-23 07:00:00,26534.0,3.0,False,3.0
2024-03-23 08:00:00,26538.0,4.0,False,4.0
2024-03-23 09:00:00,26543.0,5.0,False,5.0
2024-03-23 10:00:00,26549.0,6.0,False,6.0
2024-03-23 11:00:00,26557.0,8.0,False,8.0
2024-03-23 12:00:00,26566.0,9.0,False,9.0
2024-03-23 13:00:00,26574.0,8.0,False,8.0
2024-03-23 14:00:00,26584.0,10.0,False,10.0
2024-03-23 15:00:00,26595.0,11.0,False,11.0
2024-03-23 16:00:00,26606.0,11.0,False,11.0
2024-03-23 17:00:00,26616.0,10.0,False,10.0
2024-03-23 18:00:00,26626.0,10.0,False,10.0
2024-03-23 19:00:00,26637.0,11.0,False,11.0
2024-03-23 20:00:00,26647.0,10.0,False,10.0
2024-03-23 21:00:00,26656.0,9.0,False,9.0
2024-03-23 22:00:00,26664.0,8.0,False,8.0
2024-03-23 23:00:00,26668.0,4.0,False,4.0
2024-03-24 00:00:00,26670.0,2.0,False,2.0
2024-03-24 01:00:00,26673.0,3.0,False,3.0
2024-03-24 02:00:00,26676.0,3.0,False,3.0
2024-03-24 03:00:00,26678.0,2.0,False,2.0
2024-03-24 04:00:00,26681.0,3.0,False,3.0
2024-03-24 05:00:00,26683.0,2.0,False,2.0
2024-03-24 06:00:00,26686.0,3.0,False,3.0
2024-03-24 07:00:00,26688.0,2.0,False,2.0
2024-03-24 08:00:00,26692.0,4.0,False,4.0
2024-03-24 09:00:00,26696.0,4.0,False,4.0
2024-03-24 10:00:00,26703.0,7.0,False,7.0
2024-03-24 11:00:00,26712.0,9.0,False,9.0
2024-03-24 12:00:00,26722.0,10.0,False,10.0
2024-03-24 13:00:00,26732.0,10.0,False,10.0
2024-03-24 14:00:00,26742.0,10.0,False,10.0
2024-03-24 15:00:00,26752.0,10.0,False,10.0
2024-03-24 16:00:00,26763.0,11.0,False,11.0
2024-03-24 17:00:00,26772.0,9.0,False,9.0
2024-03-24 18:00:00,26781.0,9.0,False,9.0
2024-03-24 19:00:00,26792.0,11.0,False,11.0
2024-03-24 20:00:00,26803.0,11.0,False,11.0
2024-03-24 21:00:00,26816.0,13.0,False,13.0
2024-03-24 22:00:00,26827.0,11.0,False,11.0
2024-03-24 23:00:00,26831.0,4.0,False,4.0
2024-03-25 00:00:00,26834.0,3.0,False,3.0
2024-03-25 01:00:00,26836.0,2.0,False,2.0
2024-03-25 02:00:00,26839.0,3.0,False,3.0
2024-03-25 03:00:00,26842.0,3.0,False,3.0
2024-03-25 04:00:00,26844.0,2.0,False,2.0
2024-03-25 05:00:00,26847.0,3.0,False,3.0
2024-03-25 06:00:00,26850.0,3.0,False,3.0
2024-03-25 07:00:00,26853.0,3.0,False,3.0
2024-03-25 08:00:00,26859.0,6.0,False,6.0
2024-03-25 09:00:00,26868.0,9.0,False,9.0
2024-03-25 10:00:00,26878.0,10.0,False,10.0
2024-03-25 11:00:00,26890.0,12.0,False,12.0
2024-03-25 12:00:00,26901.0,11.0,False,11.0
2024-03-25 13:00:00,26909.0,8.0,False,8.0
2024-03-25 14:00:00,26918.0,9.0,False,9.0
2024-03-25 15:00:00,26928.0,10.0,False,10.0
2024-03-25 16:00:00,26940.0,12.0,False,12.0
2024-03-25 17:00:00,26953.0,13.0,False,13.0
2024-03-25 18:00:00,26965.0,12.0,False,12.0
2024-03-25 19:00:00,26974.0,9.0,False,9.0
2024-03-25 20:00:00,26984.0,10.0,False,10.0
2024-03-25 21:00:00,26995.0,11.0,False,11.0
2024-03-25 22:00:00,27004.0,9.0,False,9.0
2024-03-25 23:00:00,27009.0,5.0,False,5.0
2024-03-26 00:00:00,27011.0,2.0,False,2.0
2024-03-26 01:00:00,27014.0,3.0,False,3.0
2024-03-26 02:00:00,27016.0,2.0,False,2.0
2024-03-26 03:00:00,27019.0,3.0,False,3.0
2024-03-26 04:00:00,27022.0,3.0,False,3.0
2024-03-26 05:00:00,27025.0,3.0,False,3.0
2024-03-26 06:00:00,27027.0,2.0,False,2.0
2024-03-26 07:00:00,27030.0,3.0,False,3.0
2024-03-26 08:00:00,27035.0,5.0,False,5.0
2024-03-26 09:00:00,27048.0,13.0,False,13.0
2024-03-26 10:00:00,27063.0,15.0,False,15.0
2024-03-26 11:00:00,27078.0,15.0,False,15.0
2024-03-26 12:00:00,27090.0,12.0,False,12.0
2024-03-26 13:00:00,27099.0,9.0,False,9.0
2024-03-26 14:00:00,27108.0,9.0,False,9.0
2024-03-26 15:00:00,27118.0,10.0,False,10.0
2024-03-26 16:00:00,27127.0,9.0,False,9.0
2024-03-26 17:00:00,27138.0,11.0,False,11.0
2024-03-26 18:00:00,27149.0,11.0,False,11.0
2024-03-26 19:00:00,27158.0,9.0,False,9.0
2024-03-26 20:00:00,27168.0,10.0,False,10.0
2024-03-26 21:00:00,27178.0,10.0,False,10.0
2024-03-26 22:00:00,27188.0,10.0,False,10.0
2024-03-26 23:00:00,27193.0,5.0,False,5.0
2024-03-27 00:00:00,27196.0,3.0,False,3.0
2024-03-27 01:00:00,27198.0,2.0,False,2.0
2024-03-27 02:00:00,27201.0,3.0,False,3.0
2024-03-27 03:00:00,27204.0,3.0,False,3.0
2024-03-27 04:00:00,27207.0,3.0,False,3.0
2024-03-27 05:00:00,27209.0,2.0,False,2.0
2024-03-27 06:00:00,27212.0,3.0,False,3.0
2024-03-27 07:00:00,27215.0,3.0,False,3.0
2024-03-27 08:00:00,27221.0,6.0,False,6.0
2024-03-27 09:00:00,27235.0,14.0,False,14.0
2024-03-27 10:00:00,27250.0,15.0,False,15.0
2024-03-27 11:00:00,27265.0,15.0,False,15.0
2024-03-27 12:00:00,27279.0,14.0,False,14.0
2024-03-27 13:00:00,27287.0,8.0,False,8.0
2024-03-27 14:00:00,27295.0,8.0,False,8.0
2024-03-27 15:00:00,27307.0,12.0,False,12.0
2024-03-27 16:00:00,27320.0,13.0,False,13.0
2024-03-27 17:00:00,27334.0,14.0,False,14.0
2024-03-27 18:00:00,27347.0,13.0,False,13.0
2024-03-27 19:00:00,27357.0,10.0,False,10.0
2024-03-27 20:00:00,27368.0,11.0,False,11.0
2024-03-27 21:00:00,27379.0,11.0,False,11.0
2024-03-27 22:00:00,27388.0,9.0,False,9.0
2024-03-27 23:00:00,27392.0,4.0,False,4.0
2024-03-28 00:00:00,27395.0,3.0,False,3.0
2024-03-28 01:00:00,27398.0,3.0,False,3.0
2024-03-28 02:00:00,27401.0,3.0,False,3.0
2024-03-28 03:00:00,27404.0,3.0,False,3.0
2024-03-28 04:00:00,27406.0,2.0,False,2.0
2024-03-28 05:00:00,27409.0,3.0,False,3.0
2024-03-28 06:00:00,27412.0,3.0,False,3.0
2024-03-28 07:00:00,27415.0,3.0,False,3.0
2024-03-28 08:00:00,27420.0,5.0,False,5.0
2024-03-28 09:00:00,27430.0,10.0,False,10.0
2024-03-28 10:00:00,27441.0,11.0,False,11.0
2024-03-28 11:00:00,27449.0,8.0,False,8.0
2024-03-28 12:00:00,27458.0,9.0,False,9.0
2024-03-28 13:00:00,27466.0,8.0,False,8.0
2024-03-28 14:00:00,27475.0,9.0,False,9.0
2024-03-28 15:00:00,27486.0,11.0,False,11.0
2024-03-28 16:00:00,27497.0,11.0,False,11.0
2024-03-28 17:00:00,27509.0,12.0,False,12.0
2024-03-28 18:00:00,27522.0,13.0,False,13.0
2024-03-28 19:00:00,27533.0,11.0,False,11.0
2024-03-28 20:00:00,27545.0,12.0,False,12.0
2024-03-28 21:00:00,27557.0,12.0,False,12.0
2024-03-28 22:00:00,27565.0,8.0,False,8.0
2024-03-28 23:00:00,27568.0,3.0,False,3.0
2024-03-29 00:00:00,27571.0,3.0,False,3.0
2024-03-29 01:00:00,27574.0,3.0,False,3.0
2024-03-29 02:00:00,27576.0,2.0,False,2.0
2024-03-29 03:00:00,27579.0,3.0,False,3.0
2024-03-29 04:00:00,27581.0,2.0,False,2.0
2024-03-29 05:00:00,27584.0,3.0,False,3.0
2024-03-29 06:00:00,27587.0,3.0,False,3.0
2024-03-29 07:00:00,27589.0,2.0,False,2.0
2024-03-29 08:00:00,27593.0,4.0,False,4.0
2024-03-29 09:00:00,27599.0,6.0,False,6.0
2024-03-29 10:00:00,27606.0,7.0,False,7.0
2024-03-29 11:00:00,27618.0,12.0,False,12.0
2024-03-29 12:00:00,27631.0,13.0,False,13.0
2024-03-29 13:00:00,27639.0,8.0,False,8.0
2024-03-29 14:00:00,27648.0,9.0,False,9.0
2024-03-29 15:00:00,27661.0,13.0,False,13.0
2024-03-29 16:00:00,27675.0,14.0,False,14.0
2024-03-29 17:00:00,27686.0,11.0,False,11.0
2024-03-29 18:00:00,27696.0,10.0,False,10.0
2024-03-29 19:00:00,27706.0,10.0,False,10.0
2024-03-29 20:00:00,27715.0,9.0,False,9.0
2024-03-29 21:00:00,27724.0,9.0,False,9.0
2024-03-29 22:00:00,27733.0,9.0,False,9.0
2024-03-29 23:00:00,27736.0,3.0,False,3.0
2024-03-30 00:00:00,27739.0,3.0,False,3.0
2024-03-30 01:00:00,27741.0,2.0,False,2.0
2024-03-30 02:00:00,27744.0,3.0,False,3.0
2024-03-30 03:00:00,27747.0,3.0,False,3.0
2024-03-30 04:00:00,27749.0,2.0,False,2.0
2024-03-30 05:00:00,27752.0,3.0,False,3.0
2024-03-30 06:00:00,27754.0,2.0,False,2.0
2024-03-30 07:00:00,27757.0,3.0,False,3.0
2024-03-30 08:00:00,27761.0,4.0,False,4.0
2024-03-30 09:00:00,27767.0,6.0,False,6.0
2024-03-30 10:00:00,27775.0,8.0,False,8.0
2024-03-30 11:00:00,27784.0,9.0,False,9.0
2024-03-30 12:00:00,27792.0,8.0,False,8.0
2024-03-30 13:00:00,27801.0,9.0,False,9.0
2024-03-30 14:00:00,27810.0,9.0,False,9.0
2024-03-30 15:00:00,27820.0,10.0,False,10.0
2024-03-30 16:00:00,27830.0,10.0,False,10.0
2024-03-30 17:00:00,27839.0,9.0,False,9.0
2024-03-30 18:00:00,27848.0,9.0,False,9.0
2024-03-30 19:00:00,27856.0,8.0,False,8.0
2024-03-30 20:00:00,27864.0,8.0,False,8.0
2024-03-30 21:00:00,27871.0,7.0,False,7.0
2024-03-30 22:00:00,27878.0,7.0,False,7.0
2024-03-30 23:00:00,27881.0,3.0,False,3.0
2024-03-31 00:00:00,27884.0,3.0,False,3.0
2024-03-31 01:00:00,27887.0,3.0,False,3.0
2024-03-31 02:00:00,27889.0,2.0,False,2.0
2024-03-31 03:00:00,27892.0,3.0,False,3.0
2024-03-31 04:00:00,27894.0,2.0,False,2.0
2024-03-31 05:00:00,27897.0,3.0,False,3.0
2024-03-31 06:00:00,27899.0,2.0,False,2.0
2024-03-31 07:00:00,27902.0,3.0,False,3.0
2024-03-31 08:00:00,27905.0,3.0,False,3.0
2024-03-31 09:00:00,27910.0,5.0,False,5.0
2024-03-31 10:00:00,27918.0,8.0,False,8.0
2024-03-31 11:00:00,27926.0,8.0,False,8.0
2024-03-31 12:00:00,27935.0,9.0,False,9.0
2024-03-31 13:00:00,27943.0,8.0,False,8.0
2024-03-31 14:00:00,27952.0,9.0,False,9.0
2024-03-31 15:00:00,27961.0,9.0,False,9.0
2024-03-31 16:00:00,27970.0,9.0,False,9.0
2024-03-31 17:00:00,27979.0,9.0,False,9.0
2024-03-31 18:00:00,27988.0,9.0,False,9.0
2024-03-31 19:00:00,27997.0,9.0,False,9.0
2024-03-31 20:00:00,28006.0,9.0,False,9.0
2024-03-31 21:00:00,28014.0,8.0,False,8.0
2024-03-31 22:00:00,28023.0,9.0,False,9.0
2024-03-31 23:00:00,28026.0,3.0,False,3.0
2024-04-01 00:00:00,28029.0,3.0,False,3.0
2024-04-01 01:00:00,28031.0,2.0,False,2.0
2024-04-01 02:00:00,28034.0,3.0,False,3.0
2024-04-01 03:00:00,28037.0,3.0,False,3.0
2024-04-01 04:00:00,28039.0,2.0,False,2.0
2024-04-01 05:00:00,28042.0,3.0,False,3.0
2024-04-01 06:00:00,28044.0,2.0,False,2.0
2024-04-01 07:00:00,28047.0,3.0,False,3.0
2024-04-01 08:00:00,28050.0,3.0,False,3.0
2024-04-01 09:00:00,28057.0,7.0,False,7.0
2024-04-01 10:00:00,28065.0,8.0,False,8.0
2024-04-01 11:00:00,28076.0,11.0,False,11.0
2024-04-01 12:00:00,28087.0,11.0,False,11.0
2024-04-01 13:00:00,28095.0,8.0,False,8.0
2024-04-01 14:00:00,28102.0,7.0,False,7.0
2024-04-01 15:00:00,28112.0,10.0,False,10.0
2024-04-01 16:00:00,28122.0,10.0,False,10.0
2024-04-01 17:00:00,28135.0,13.0,False,13.0
2024-04-01 18:00:00,28148.0,13.0,False,13.0
2024-04-01 19:00:00,28157.0,9.0,False,9.0
2024-04-01 20:00:00,28167.0,10.0,False,10.0
2024-04-01 21:00:00,28177.0,10.0,False,10.0
2024-04-01 22:00:00,28186.0,9.0,False,9.0
2024-04-01 23:00:00,28190.0,4.0,False,4.0
2024-04-02 00:00:00,28193.0,3.0,False,3.0
2024-04-02 01:00:00,28195.0,2.0,False,2.0
2024-04-02 02:00:00,28198.0,3.0,False,3.0
2024-04-02 03:00:00,28200.0,2.0,False,2.0
2024-04-02 04:00:00,28203.0,3.0,False,3.0
2024-04-02 05:00:00,28205.0,2.0,False,2.0
2024-04-02 06:00:00,28208.0,3.0,False,3.0
2024-04-02 07:00:00,28211.0,3.0,False,3.0
2024-04-02 08:00:00,28215.0,4.0,False,4.0
2024-04-02 09:00:00,28226.0,11.0,False,11.0
2024-04-02 10:00:00,28239.0,13.0,False,13.0
2024-04-02 11:00:00,28253.0,14.0,False,14.0
2024-04-02 12:00:00,28267.0,14.0,False,14.0
2024-04-02 13:00:00,28276.0,9.0,False,9.0
2024-04-02 14:00:00,28284.0,8.0,False,8.0
2024-04-02 15:00:00,28293.0,9.0,False,9.0
2024-04-02 16:00:00,28303.0,10.0,False,10.0
2024-04-02 17:00:00,28314.0,11.0,False,11.0
2024-04-02 18:00:00,28326.0,12.0,False,12.0
2024-04-02 19:00:00,28336.0,10.0,False,10.0
2024-04-02 20:00:00,28347.0,11.0,False,11.0
2024-04-02 21:00:00,28358.0,11.0,False,11.0
2024-04-02 22:00:00,28367.0,9.0,False,9.0
2024-04-02 23:00:00,28371.0,4.0,False,4.0
2024-04-03 00:00:00,28374.0,3.0,False,3.0
2024-04-03 01:00:00,28376.0,2.0,False,2.0
2024-04-03 02:00:00,28379.0,3.0,False,3.0
2024-04-03 03:00:00,28382.0,3.0,False,3.0
2024-04-03 04:00:00,28384.0,2.0,False,2.0
2024-04-03 05:00:00,28387.0,3.0,False,3.0
2024-04-03 06:00:00,28389.0,2.0,False,2.0
2024-04-03 07:00:00,28392.0,3.0,False,3.0
2024-04-03 08:00:00,28398.0,6.0,False,6.0
2024-04-03 09:00:00,28412.0,14.0,False,14.0
2024-04-03 10:00:00,28427.0,15.0,False,15.0
2024-04-03 11:00:00,28440.0,13.0,False,13.0
2024-04-03 12:00:00,28452.0,12.0,False,12.0
2024-04-03 13:00:00,28462.0,10.0,False,10.0
2024-04-03 14:00:00,28471.0,9.0,False,9.0
2024-04-03 15:00:00,28483.0,12.0,False,12.0
2024-04-03 16:00:00,28495.0,12.0,False,12.0
2024-04-03 17:00:00,28506.0,11.0,False,11.0
2024-04-03 18:00:00,28518.0,12.0,False,12.0
2024-04-03 19:00:00,28528.0,10.0,False,10.0
2024-04-03 20:00:00,28538.0,10.0,False,10.0
2024-04-03 21:00:00,28548.0,10.0,False,10.0
2024-04-03 22:00:00,28557.0,9.0,False,9.0
2024-04-03 23:00:00,28561.0,4.0,False,4.0
2024-04-04 00:00:00,28564.0,3.0,False,3.0
2024-04-04 01:00:00,28567.0,3.0,False,3.0
2024-04-04 02:00:00,28569.0,2.0,False,2.0
2024-04-04 03:00:00,28572.0,3.0,False,3.0
2024-04-04 04:00:00,28575.0,3.0,False,3.0
2024-04-04 05:00:00,28578.0,3.0,False,3.0
2024-04-04 06:00:00,28580.0,2.0,False,2.0
2024-04-04 07:00:00,28584.0,4.0,False,4.0
2024-04-04 08:00:00,28589.0,5.0,False,5.0
2024-04-04 09:00:00,28595.0,6.0,False,6.0
2024-04-04 10:00:00,28602.0,7.0,False,7.0
2024-04-04 11:00:00,28609.0,7.0,False,7.0
2024-04-04 12:00:00,28617.0,8.0,False,8.0
2024-04-04 13:00:00,28625.0,8.0,False,8.0
2024-04-04 14:00:00,28633.0,8.0,False,8.0
2024-04-04 15:00:00,28643.0,10.0,False,10.0
2024-04-04 16:00:00,28653.0,10.0,False,10.0
2024-04-04 17:00:00,28664.0,11.0,False,11.0
2024-04-04 18:00:00,28676.0,12.0,False,12.0
2024-04-04 19:00:00,28686.0,10.0,False,10.0
2024-04-04 20:00:00,28695.0,9.0,False,9.0
2024-04-04 21:00:00,28706.0,11.0,False,11.0
2024-04-04 22:00:00,28716.0,10.0,False,10.0
2024-04-04 23:00:00,28720.0,4.0,False,4.0
2024-04-05 00:00:00,28722.0,2.0,False,2.0
2024-04-05 01:00:00,28725.0,3.0,False,3.0
2024-04-05 02:00:00,28728.0,3.0,False,3.0
2024-04-05 03:00:00,28730.0,2.0,False,2.0
2024-04-05 04:00:00,28733.0,3.0,False,3.0
2024-04-05 05:00:00,28736.0,3.0,False,3.0
2024-04-05 06:00:00,28738.0,2.0,False,2.0
2024-04-05 07:00:00,28741.0,3.0,False,3.0
2024-04-05 08:00:00,28744.0,3.0,False,3.0
2024-04-05 09:00:00,28749.0,5.0,False,5.0
2024-04-05 10:00:00,28758.0,9.0,False,9.0
2024-04-05 11:00:00,28767.0,9.0,False,9.0
2024-04-05 12:00:00,28776.0,9.0,False,9.0
2024-04-05 13:00:00,28785.0,9.0,False,9.0
2024-04-05 14:00:00,28794.0,9.0,False,9.0
2024-04-05 15:00:00,28803.0,9.0,False,9.0
2024-04-05 16:00:00,28813.0,10.0,False,10.0
2024-04-05 17:00:00,28823.0,10.0,False,10.0
2024-04-05 18:00:00,28832.0,9.0,False,9.0
2024-04-05 19:00:00,28840.0,8.0,False,8.0
2024-04-05 20:00:00,28848.0,8.0,False,8.0
2024-04-05 21:00:00,28856.0,8.0,False,8.0
2024-04-05 22:00:00,28864.0,8.0,False,8.0
2024-04-05 23:00:00,28868.0,4.0,False,4.0
2024-04-06 00:00:00,28870.0,2.0,False,2.0
2024-04-06 01:00:00,28873.0,3.0,False,3.0
2024-04-06 02:00:00,28876.0,3.0,False,3.0
2024-04-06 03:00:00,28879.0,3.0,False,3.0
2024-04-06 04:00:00,28881.0,2.0,False,2.0
2024-04-06 05:00:00,28884.0,3.0,False,3.0
2024-04-06 06:00:00,28887.0,3.0,False,3.0
2024-04-06 07:00:00,28889.0,2.0,False,2.0
2024-04-06 08:00:00,28893.0,4.0,False,4.0
2024-04-06 09:00:00,28898.0,5.0,False,5.0
2024-04-06 10:00:00,28906.0,8.0,False,8.0
2024-04-06 11:00:00,28915.0,9.0,False,9.0
2024-04-06 12:00:00,28924.0,9.0,False,9.0
2024-04-06 13:00:00,28932.0,8.0,False,8.0
2024-04-06 14:00:00,28941.0,9.0,False,9.0
2024-04-06 15:00:00,28951.0,10.0,False,10.0
2024-04-06 16:00:00,28960.0,9.0,False,9.0
2024-04-06 17:00:00,28970.0,10.0,False,10.0
2024-04-06 18:00:00,28979.0,9.0,False,9.0
2024-04-06 19:00:00,28988.0,9.0,False,9.0
2024-04-06 20:00:00,28996.0,8.0,False,8.0
2024-04-06 21:00:00,29005.0,9.0,False,9.0
2024-04-06 22:00:00,29014.0,9.0,False,9.0
2024-04-06 23:00:00,29018.0,4.0,False,4.0
2024-04-07 00:00:00,29020.0,2.0,False,2.0
2024-04-07 01:00:00,29023.0,3.0,False,3.0
2024-04-07 02:00:00,29026.0,3.0,False,3.0
2024-04-07 03:00:00,29028.0,2.0,False,2.0
2024-04-07 04:00:00,29031.0,3.0,False,3.0
2024-04-07 05:00:00,29034.0,3.0,False,3.0
2024-04-07 06:00:00,29036.0,2.0,False,2.0
2024-04-07 07:00:00,29039.0,3.0,False,3.0
2024-04-07 08:00:00,29043.0,4.0,False,4.0
2024-04-07 09:00:00,29051.0,8.0,False,8.0
2024-04-07 10:00:00,29061.0,10.0,False,10.0
2024-04-07 11:00:00,29072.0,11.0,False,11.0
2024-04-07 12:00:00,29083.0,11.0,False,11.0
2024-04-07 13:00:00,29090.0,7.0,False,7.0
2024-04-07 14:00:00,29098.0,8.0,False,8.0
2024-04-07 15:00:00,29106.0,8.0,False,8.0
2024-04-07 16:00:00,29114.0,8.0,False,8.0
2024-04-07 17:00:00,29124.0,10.0,False,10.0
2024-04-07 18:00:00,29134.0,10.0,False,10.0
2024-04-07 19:00:00,29142.0,8.0,False,8.0
2024-04-07 20:00:00,29151.0,9.0,False,9.0
2024-04-07 21:00:00,29161.0,10.0,False,10.0
2024-04-07 22:00:00,29170.0,9.0,False,9.0
2024-04-07 23:00:00,29174.0,4.0,False,4.0
2024-04-08 00:00:00,29176.0,2.0,False,2.0
2024-04-08 01:00:00,29179.0,3.0,False,3.0
2024-04-08 02:00:00,29181.0,2.0,False,2.0
2024-04-08 03:00:00,29184.0,3.0,False,3.0
2024-04-08 04:00:00,29187.0,3.0,False,3.0
2024-04-08 05:00:00,29189.0,2.0,False,2.0
2024-04-08 06:00:00,29192.0,3.0,False,3.0
2024-04-08 07:00:00,29195.0,3.0,False,3.0
2024-04-08 08:00:00,29198.0,3.0,False,3.0
2024-04-08 09:00:00,29204.0,6.0,False,6.0
2024-04-08 10:00:00,29213.0,9.0,False,9.0
2024-04-08 11:00:00,29224.0,11.0,False,11.0
2024-04-08 12:00:00,29235.0,11.0,False,11.0
2024-04-08 13:00:00,29243.0,8.0,False,8.0
2024-04-08 14:00:00,29251.0,8.0,False,8.0
2024-04-08 15:00:00,29260.0,9.0,False,9.0
2024-04-08 16:00:00,29270.0,10.0,False,10.0
2024-04-08 17:00:00,29285.0,15.0,False,15.0
2024-04-08 18:00:00,29298.0,13.0,False,13.0
2024-04-08 19:00:00,29307.0,9.0,False,9.0
2024-04-08 20:00:00,29317.0,10.0,False,10.0
2024-04-08 21:00:00,29329.0,12.0,False,12.0
2024-04-08 22:00:00,29339.0,10.0,False,10.0
2024-04-08 23:00:00,29343.0,4.0,False,4.0
2024-04-09 00:00:00,29346.0,3.0,False,3.0
2024-04-09 01:00:00,29349.0,3.0,False,3.0
2024-04-09 02:00:00,29352.0,3.0,False,3.0
2024-04-09 03:00:00,29354.0,2.0,False,2.0
2024-04-09 04:00:00,29357.0,3.0,False,3.0
2024-04-09 05:00:00,29360.0,3.0,False,3.0
2024-04-09 06:00:00,29363.0,3.0,False,3.0
2024-04-09 07:00:00,29366.0,3.0,False,3.0
2024-04-09 08:00:00,29370.0,4.0,False,4.0
2024-04-09 09:00:00,29382.0,12.0,False,12.0
2024-04-09 10:00:00,29395.0,13.0,False,13.0
2024-04-09 11:00:00,29410.0,15.0,False,15.0
2024-04-09 12:00:00,29425.0,15.0,False,15.0
2024-04-09 13:00:00,29434.0,9.0,False,9.0
2024-04-09 14:00:00,29442.0,8.0,False,8.0
2024-04-09 15:00:00,29450.0,8.0,False,8.0
2024-04-09 16:00:00,29461.0,11.0,False,11.0
2024-04-09 17:00:00,29474.0,13.0,False,13.0
2024-04-09 18:00:00,29485.0,11.0,False,11.0
2024-04-09 19:00:00,29496.0,11.0,False,11.0
2024-04-09 20:00:00,29510.0,14.0,False,14.0
2024-04-09 21:00:00,29522.0,12.0,False,12.0
2024-04-09 22:00:00,29533.0,11.0,False,11.0
2024-04-09 23:00:00,29537.0,4.0,False,4.0
2024-04-10 00:00:00,29539.0,2.0,False,2.0
2024-04-10 01:00:00,29542.0,3.0,False,3.0
2024-04-10 02:00:00,29544.0,2.0,False,2.0
2024-04-10 03:00:00,29547.0,3.0,False,3.0
2024-04-10 04:00:00,29550.0,3.0,False,3.0
2024-04-10 05:00:00,29552.0,2.0,False,2.0
2024-04-10 06:00:00,29555.0,3.0,False,3.0
2024-04-10 07:00:00,29558.0,3.0,False,3.0
2024-04-10 08:00:00,29562.0,4.0,False,4.0
2024-04-10 09:00:00,29575.0,13.0,False,13.0
2024-04-10 10:00:00,29588.0,13.0,False,13.0
2024-04-10 11:00:00,29600.0,12.0,False,12.0
2024-04-10 12:00:00,29612.0,12.0,False,12.0
2024-04-10 13:00:00,29620.0,8.0,False,8.0
2024-04-10 14:00:00,29629.0,9.0,False,9.0
2024-04-10 15:00:00,29640.0,11.0,False,11.0
2024-04-10 16:00:00,29652.0,12.0,False,12.0
2024-04-10 17:00:00,29667.0,15.0,False,15.0
2024-04-10 18:00:00,29681.0,14.0,False,14.0
2024-04-10 19:00:00,29691.0,10.0,False,10.0
2024-04-10 20:00:00,29702.0,11.0,False,11.0
2024-04-10 21:00:00,29712.0,10.0,False,10.0
2024-04-10 22:00:00,29722.0,10.0,False,10.0
2024-04-10 23:00:00,29725.0,3.0,False,3.0
2024-04-11 00:00:00,29728.0,3.0,False,3.0
2024-04-11 01:00:00,29731.0,3.0,False,3.0
2024-04-11 02:00:00,29733.0,2.0,False,2.0
2024-04-11 03:00:00,29736.0,3.0,False,3.0
2024-04-11 04:00:00,29739.0,3.0,False,3.0
2024-04-11 05:00:00,29742.0,3.0,False,3.0
2024-04-11 06:00:00,29744.0,2.0,False,2.0
2024-04-11 07:00:00,29746.0,2.0,False,2.0
2024-04-11 08:00:00,29753.0,7.0,False,7.0
2024-04-11 09:00:00,29768.0,15.0,False,15.0
2024-04-11 10:00:00,29782.0,14.0,False,14.0
2024-04-11 11:00:00,29794.0,12.0,False,12.0
2024-04-11 12:00:00,29807.0,13.0,False,13.0
2024-04-11 13:00:00,29815.0,8.0,False,8.0
2024-04-11 14:00:00,29823.0,8.0,False,8.0
2024-04-11 15:00:00,29834.0,11.0,False,11.0
2024-04-11 16:00:00,29846.0,12.0,False,12.0
2024-04-11 17:00:00,29859.0,13.0,False,13.0
2024-04-11 18:00:00,29872.0,13.0,False,13.0
2024-04-11 19:00:00,29882.0,10.0,False,10.0
2024-04-11 20:00:00,29892.0,10.0,False,10.0
2024-04-11 21:00:00,29903.0,11.0,False,11.0
2024-04-11 22:00:00,29913.0,10.0,False,10.0
2024-04-11 23:00:00,29918.0,5.0,False,5.0
2024-04-12 00:00:00,29920.0,2.0,False,2.0
2024-04-12 01:00:00,29923.0,3.0,False,3.0
2024-04-12 02:00:00,29926.0,3.0,False,3.0
2024-04-12 03:00:00,29929.0,3.0,False,3.0
2024-04-12 04:00:00,29931.0,2.0,False,2.0
2024-04-12 05:00:00,29934.0,3.0,False,3.0
2024-04-12 06:00:00,29937.0,3.0,False,3.0
2024-04-12 07:00:00,29940.0,3.0,False,3.0
2024-04-12 08:00:00,29944.0,4.0,False,4.0
2024-04-12 09:00:00,29952.0,8.0,False,8.0
2024-04-12 10:00:00,29961.0,9.0,False,9.0
2024-04-12 11:00:00,29973.0,12.0,False,12.0
2024-04-12 12:00:00,29984.0,11.0,False,11.0
2024-04-12 13:00:00,29993.0,9.0,False,9.0
2024-04-12 14:00:00,30001.0,8.0,False,8.0
2024-04-12 15:00:00,30017.0,16.0,False,16.0
2024-04-12 16:00:00,30033.0,16.0,False,16.0
2024-04-12 17:00:00,30049.0,16.0,False,16.0
2024-04-12 18:00:00,30063.0,14.0,False,14.0
2024-04-12 19:00:00,30071.0,8.0,False,8.0
2024-04-12 20:00:00,30080.0,9.0,False,9.0
2024-04-12 21:00:00,30090.0,10.0,False,10.0
2024-04-12 22:00:00,30099.0,9.0,False,9.0
2024-04-12 23:00:00,30103.0,4.0,False,4.0
2024-04-13 00:00:00,30106.0,3.0,False,3.0
2024-04-13 01:00:00,30108.0,2.0,False,2.0
2024-04-13 02:00:00,30111.0,3.0,False,3.0
2024-04-13 03:00:00,30114.0,3.0,False,3.0
2024-04-13 04:00:00,30117.0,3.0,False,3.0
2024-04-13 05:00:00,30119.0,2.0,False,2.0
2024-04-13 06:00:00,30122.0,3.0,False,3.0
2024-04-13 07:00:00,30126.0,4.0,False,4.0
2024-04-13 08:00:00,30129.0,3.0,False,3.0
2024-04-13 09:00:00,30134.0,5.0,False,5.0
2024-04-13 10:00:00,30142.0,8.0,False,8.0
2024-04-13 11:00:00,30152.0,10.0,False,10.0
2024-04-13 12:00:00,30164.0,12.0,False,12.0
2024-04-13 13:00:00,30176.0,12.0,False,12.0
2024-04-13 14:00:00,30185.0,9.0,False,9.0
2024-04-13 15:00:00,30197.0,12.0,False,12.0
2024-04-13 16:00:00,30208.0,11.0,False,11.0
2024-04-13 17:00:00,30219.0,11.0,False,11.0
2024-04-13 18:00:00,30230.0,11.0,False,11.0
2024-04-13 19:00:00,30241.0,11.0,False,11.0
2024-04-13 20:00:00,30251.0,10.0,False,10.0
2024-04-13 21:00:00,30260.0,9.0,False,9.0
2024-04-13 22:00:00,30269.0,9.0,False,9.0
2024-04-13 23:00:00,30273.0,4.0,False,4.0
2024-04-14 00:00:00,30277.0,4.0,False,4.0
2024-04-14 01:00:00,30280.0,3.0,False,3.0
2024-04-14 02:00:00,30283.0,3.0,False,3.0
2024-04-14 03:00:00,30286.0,3.0,False,3.0
2024-04-14 04:00:00,30288.0,2.0,False,2.0
2024-04-14 05:00:00,30291.0,3.0,False,3.0
2024-04-14 06:00:00,30294.0,3.0,False,3.0
2024-04-14 07:00:00,30297.0,3.0,False,3.0
2024-04-14 08:00:00,30301.0,4.0,False,4.0
2024-04-14 09:00:00,30307.0,6.0,False,6.0
2024-04-14 10:00:00,30317.0,10.0,False,10.0
2024-04-14 11:00:00,30328.0,11.0,False,11.0
2024-04-14 12:00:00,30339.0,11.0,False,11.0
2024-04-14 13:00:00,30350.0,11.0,False,11.0
2024-04-14 14:00:00,30360.0,10.0,False,10.0
2024-04-14 15:00:00,30370.0,10.0,False,10.0
2024-04-14 16:00:00,30382.0,12.0,False,12.0
2024-04-14 17:00:00,30394.0,12.0,False,12.0
2024-04-14 18:00:00,30406.0,12.0,False,12.0
2024-04-14 19:00:00,30418.0,12.0,False,12.0
2024-04-14 20:00:00,30431.0,13.0,False,13.0
2024-04-14 21:00:00,30443.0,12.0,False,12.0
2024-04-14 22:00:00,30452.0,9.0,False,9.0
2024-04-14 23:00:00,30457.0,5.0,False,5.0
2024-04-15 00:00:00,30459.0,2.0,False,2.0
2024-04-15 01:00:00,30462.0,3.0,False,3.0
2024-04-15 02:00:00,30465.0,3.0,False,3.0
2024-04-15 03:00:00,30467.0,2.0,False,2.0
2024-04-15 04:00:00,30470.0,3.0,False,3.0
2024-04-15 05:00:00,30473.0,3.0,False,3.0
2024-04-15 06:00:00,30475.0,2.0,False,2.0
2024-04-15 07:00:00,30478.0,3.0,False,3.0
2024-04-15 08:00:00,30482.0,4.0,False,4.0
2024-04-15 09:00:00,30490.0,8.0,False,8.0
2024-04-15 10:00:00,30498.0,8.0,False,8.0
2024-04-15 11:00:00,30508.0,10.0,False,10.0
2024-04-15 12:00:00,30517.0,9.0,False,9.0
2024-04-15 13:00:00,30524.0,7.0,False,7.0
2024-04-15 14:00:00,30531.0,7.0,False,7.0
2024-04-15 15:00:00,30542.0,11.0,False,11.0
2024-04-15 16:00:00,30552.0,10.0,False,10.0
2024-04-15 17:00:00,30565.0,13.0,False,13.0
2024-04-15 18:00:00,30578.0,13.0,False,13.0
2024-04-15 19:00:00,30588.0,10.0,False,10.0
2024-04-15 20:00:00,30599.0,11.0,False,11.0
2024-04-15 21:00:00,30611.0,12.0,False,12.0
2024-04-15 22:00:00,30621.0,10.0,False,10.0
2024-04-15 23:00:00,30624.0,3.0,False,3.0
2024-04-16 00:00:00,30627.0,3.0,False,3.0
2024-04-16 01:00:00,30630.0,3.0,False,3.0
2024-04-16 02:00:00,30632.0,2.0,False,2.0
2024-04-16 03:00:00,30635.0,3.0,False,3.0
2024-04-16 04:00:00,30638.0,3.0,False,3.0
2024-04-16 05:00:00,30641.0,3.0,False,3.0
2024-04-16 06:00:00,30644.0,3.0,False,3.0
2024-04-16 07:00:00,30646.0,2.0,False,2.0
2024-04-16 08:00:00,30651.0,5.0,False,5.0
2024-04-16 09:00:00,30663.0,12.0,False,12.0
2024-04-16 10:00:00,30676.0,13.0,False,13.0
2024-04-16 11:00:00,30691.0,15.0,False,15.0
2024-04-16 12:00:00,30705.0,14.0,False,14.0
2024-04-16 13:00:00,30713.0,8.0,False,8.0
2024-04-16 14:00:00,30720.0,7.0,False,7.0
2024-04-16 15:00:00,30728.0,8.0,False,8.0
2024-04-16 16:00:00,30737.0,9.0,False,9.0
2024-04-16 17:00:00,30751.0,14.0,False,14.0
2024-04-16 18:00:00,30764.0,13.0,False,13.0
2024-04-16 19:00:00,30775.0,11.0,False,11.0
2024-04-16 20:00:00,30788.0,13.0,False,13.0
2024-04-16 21:00:00,30800.0,12.0,False,12.0
2024-04-16 22:00:00,30811.0,11.0,False,11.0
2024-04-16 23:00:00,30815.0,4.0,False,4.0
2024-04-17 00:00:00,30818.0,3.0,False,3.0
2024-04-17 01:00:00,30820.0,2.0,False,2.0
2024-04-17 02:00:00,30823.0,3.0,False,3.0
2024-04-17 03:00:00,30826.0,3.0,False,3.0
2024-04-17 04:00:00,30830.0,4.0,False,4.0
2024-04-17 05:00:00,30832.0,2.0,False,2.0
2024-04-17 06:00:00,30835.0,3.0,False,3.0
2024-04-17 07:00:00,30838.0,3.0,False,3.0
2024-04-17 08:00:00,30842.0,4.0,False,4.0
2024-04-17 09:00:00,30853.0,11.0,False,11.0
2024-04-17 10:00:00,30864.0,11.0,False,11.0
2024-04-17 11:00:00,30879.0,15.0,False,15.0
2024-04-17 12:00:00,30894.0,15.0,False,15.0
2024-04-17 13:00:00,30904.0,10.0,False,10.0
2024-04-17 14:00:00,30914.0,10.0,False,10.0
2024-04-17 15:00:00,30930.0,16.0,False,16.0
2024-04-17 16:00:00,30945.0,15.0,False,15.0
2024-04-17 17:00:00,30959.0,14.0,False,14.0
2024-04-17 18:00:00,30974.0,15.0,False,15.0
2024-04-17 19:00:00,30986.0,12.0,False,12.0
2024-04-17 20:00:00,30997.0,11.0,False,11.0
2024-04-17 21:00:00,31008.0,11.0,False,11.0
2024-04-17 22:00:00,31018.0,10.0,False,10.0
2024-04-17 23:00:00,31022.0,4.0,False,4.0
2024-04-18 00:00:00,31025.0,3.0,False,3.0
2024-04-18 01:00:00,31028.0,3.0,False,3.0
2024-04-18 02:00:00,31030.0,2.0,False,2.0
2024-04-18 03:00:00,31033.0,3.0,False,3.0
2024-04-18 04:00:00,31036.0,3.0,False,3.0
2024-04-18 05:00:00,31038.0,2.0,False,2.0
2024-04-18 06:00:00,31041.0,3.0,False,3.0
2024-04-18 07:00:00,31044.0,3.0,False,3.0
2024-04-18 08:00:00,31049.0,5.0,False,5.0
2024-04-18 09:00:00,31062.0,13.0,False,13.0
2024-04-18 10:00:00,31076.0,14.0,False,14.0
2024-04-18 11:00:00,31093.0,17.0,False,17.0
2024-04-18 12:00:00,31110.0,17.0,False,17.0
2024-04-18 13:00:00,31121.0,11.0,False,11.0
2024-04-18 14:00:00,31134.0,13.0,False,13.0
2024-04-18 15:00:00,31157.0,23.0,False,23.0
2024-04-18 16:00:00,31178.0,21.0,False,21.0
2024-04-18 17:00:00,31201.0,23.0,False,23.0
2024-04-18 18:00:00,31221.0,20.0,False,20.0
2024-04-18 19:00:00,31236.0,15.0,False,15.0
2024-04-18 20:00:00,31250.0,14.0,False,14.0
2024-04-18 21:00:00,31264.0,14.0,False,14.0
2024-04-18 22:00:00,31274.0,10.0,False,10.0
2024-04-18 23:00:00,31278.0,4.0,False,4.0
2024-04-19 00:00:00,31281.0,3.0,False,3.0
2024-04-19 01:00:00,31284.0,3.0,False,3.0
2024-04-19 02:00:00,31287.0,3.0,False,3.0
2024-04-19 03:00:00,31290.0,3.0,False,3.0
2024-04-19 04:00:00,31293.0,3.0,False,3.0
2024-04-19 05:00:00,31296.0,3.0,False,3.0
2024-04-19 06:00:00,31299.0,3.0,False,3.0
2024-04-19 07:00:00,31301.0,2.0,False,2.0
2024-04-19 08:00:00,31305.0,4.0,False,4.0
2024-04-19 09:00:00,31317.0,12.0,False,12.0
2024-04-19 10:00:00,31329.0,12.0,False,12.0
2024-04-19 11:00:00,31341.0,12.0,False,12.0
2024-04-19 12:00:00,31353.0,12.0,False,12.0
2024-04-19 13:00:00,31362.0,9.0,False,9.0
2024-04-19 14:00:00,31372.0,10.0,False,10.0
2024-04-19 15:00:00,31386.0,14.0,False,14.0
2024-04-19 16:00:00,31401.0,15.0,False,15.0
2024-04-19 17:00:00,31416.0,15.0,False,15.0
2024-04-19 18:00:00,31431.0,15.0,False,15.0
2024-04-19 19:00:00,31443.0,12.0,False,12.0
2024-04-19 20:00:00,31456.0,13.0,False,13.0
2024-04-19 21:00:00,31469.0,13.0,False,13.0
2024-04-19 22:00:00,31479.0,10.0,False,10.0
2024-04-19 23:00:00,31483.0,4.0,False,4.0
2024-04-20 00:00:00,31485.0,2.0,False,2.0
2024-04-20 01:00:00,31488.0,3.0,False,3.0
2024-04-20 02:00:00,31490.0,2.0,False,2.0
2024-04-20 03:00:00,31493.0,3.0,False,3.0
2024-04-20 04:00:00,31496.0,3.0,False,3.0
2024-04-20 05:00:00,31498.0,2.0,False,2.0
2024-04-20 06:00:00,31501.0,3.0,False,3.0
2024-04-20 07:00:00,31504.0,3.0,False,3.0
2024-04-20 08:00:00,31507.0,3.0,False,3.0
2024-04-20 09:00:00,31514.0,7.0,False,7.0
2024-04-20 10:00:00,31524.0,10.0,False,10.0
2024-04-20 11:00:00,31535.0,11.0,False,11.0
2024-04-20 12:00:00,31547.0,12.0,False,12.0
2024-04-20 13:00:00,31556.0,9.0,False,9.0
2024-04-20 14:00:00,31567.0,11.0,False,11.0
2024-04-20 15:00:00,31580.0,13.0,False,13.0
2024-04-20 16:00:00,31593.0,13.0,False,13.0
2024-04-20 17:00:00,31605.0,12.0,False,12.0
2024-04-20 18:00:00,31617.0,12.0,False,12.0
2024-04-20 19:00:00,31628.0,11.0,False,11.0
2024-04-20 20:00:00,31640.0,12.0,False,12.0
2024-04-20 21:00:00,31650.0,10.0,False,10.0
2024-04-20 22:00:00,31660.0,10.0,False,10.0
2024-04-20 23:00:00,31667.0,7.0,False,7.0
2024-04-21 00:00:00,31669.0,2.0,False,2.0
2024-04-21 01:00:00,31672.0,3.0,False,3.0
2024-04-21 02:00:00,31675.0,3.0,False,3.0
2024-04-21 03:00:00,31677.0,2.0,False,2.0
2024-04-21 04:00:00,31680.0,3.0,False,3.0
2024-04-21 05:00:00,31683.0,3.0,False,3.0
2024-04-21 06:00:00,31685.0,2.0,False,2.0
2024-04-21 07:00:00,31688.0,3.0,False,3.0
2024-04-21 08:00:00,31692.0,4.0,False,4.0
2024-04-21 09:00:00,31700.0,8.0,False,8.0
2024-04-21 10:00:00,31710.0,10.0,False,10.0
2024-04-21 11:00:00,31721.0,11.0,False,11.0
2024-04-21 12:00:00,31733.0,12.0,False,12.0
2024-04-21 13:00:00,31744.0,11.0,False,11.0
2024-04-21 14:00:00,31754.0,10.0,False,10.0
2024-04-21 15:00:00,31764.0,10.0,False,10.0
2024-04-21 16:00:00,31775.0,11.0,False,11.0
2024-04-21 17:00:00,31785.0,10.0,False,10.0
2024-04-21 18:00:00,31795.0,10.0,False,10.0
2024-04-21 19:00:00,31805.0,10.0,False,10.0
2024-04-21 20:00:00,31815.0,10.0,False,10.0
2024-04-21 21:00:00,31825.0,10.0,False,10.0
2024-04-21 22:00:00,31835.0,10.0,False,10.0
2024-04-21 23:00:00,31838.0,3.0,False,3.0
2024-04-22 00:00:00,31841.0,3.0,False,3.0
2024-04-22 01:00:00,31843.0,2.0,False,2.0
2024-04-22 02:00:00,31846.0,3.0,False,3.0
2024-04-22 03:00:00,31849.0,3.0,False,3.0
2024-04-22 04:00:00,31851.0,2.0,False,2.0
2024-04-22 05:00:00,31854.0,3.0,False,3.0
2024-04-22 06:00:00,31856.0,2.0,False,2.0
2024-04-22 07:00:00,31859.0,3.0,False,3.0
2024-04-22 08:00:00,31865.0,6.0,False,6.0
2024-04-22 09:00:00,31873.0,8.0,False,8.0
2024-04-22 10:00:00,31882.0,9.0,False,9.0
2024-04-22 11:00:00,31894.0,12.0,False,12.0
2024-04-22 12:00:00,31906.0,12.0,False,12.0
2024-04-22 13:00:00,31914.0,8.0,False,8.0
2024-04-22 14:00:00,31923.0,9.0,False,9.0
2024-04-22 15:00:00,31934.0,11.0,False,11.0
2024-04-22 16:00:00,31948.0,14.0,False,14.0
2024-04-22 17:00:00,31967.0,19.0,False,19.0
2024-04-22 18:00:00,31984.0,17.0,False,17.0
2024-04-22 19:00:00,31994.0,10.0,False,10.0
2024-04-22 20:00:00,32007.0,13.0,False,13.0
2024-04-22 21:00:00,32018.0,11.0,False,11.0
2024-04-22 22:00:00,32029.0,11.0,False,11.0
2024-04-22 23:00:00,32032.0,3.0,False,3.0
2024-04-23 00:00:00,32035.0,3.0,False,3.0
2024-04-23 01:00:00,32038.0,3.0,False,3.0
2024-04-23 02:00:00,32040.0,2.0,False,2.0
2024-04-23 03:00:00,32043.0,3.0,False,3.0
2024-04-23 04:00:00,32045.0,2.0,False,2.0
2024-04-23 05:00:00,32048.0,3.0,False,3.0
2024-04-23 06:00:00,32051.0,3.0,False,3.0
2024-04-23 07:00:00,32053.0,2.0,False,2.0
2024-04-23 08:00:00,32059.0,6.0,False,6.0
2024-04-23 09:00:00,32072.0,13.0,False,13.0
2024-04-23 10:00:00,32087.0,15.0,False,15.0
2024-04-23 11:00:00,32100.0,13.0,False,13.0
2024-04-23 12:00:00,32114.0,14.0,False,14.0
2024-04-23 13:00:00,32125.0,11.0,False,11.0
2024-04-23 14:00:00,32134.0,9.0,False,9.0
2024-04-23 15:00:00,32143.0,9.0,False,9.0
2024-04-23 16:00:00,32154.0,11.0,False,11.0
2024-04-23 17:00:00,32167.0,13.0,False,13.0
2024-04-23 18:00:00,32180.0,13.0,False,13.0
2024-04-23 19:00:00,32191.0,11.0,False,11.0
2024-04-23 20:00:00,32203.0,12.0,False,12.0
2024-04-23 21:00:00,32214.0,11.0,False,11.0
2024-04-23 22:00:00,32223.0,9.0,False,9.0
2024-04-23 23:00:00,32228.0,5.0,False,5.0
2024-04-24 00:00:00,32230.0,2.0,False,2.0
2024-04-24 01:00:00,32233.0,3.0,False,3.0
2024-04-24 02:00:00,32235.0,2.0,False,2.0
2024-04-24 03:00:00,32238.0,3.0,False,3.0
2024-04-24 04:00:00,32241.0,3.0,False,3.0
2024-04-24 05:00:00,32243.0,2.0,False,2.0
2024-04-24 06:00:00,32246.0,3.0,False,3.0
2024-04-24 07:00:00,32249.0,3.0,False,3.0
2024-04-24 08:00:00,32253.0,4.0,False,4.0
2024-04-24 09:00:00,32262.0,9.0,False,9.0
2024-04-24 10:00:00,32272.0,10.0,False,10.0
2024-04-24 11:00:00,32285.0,13.0,False,13.0
2024-04-24 12:00:00,32297.0,12.0,False,12.0
2024-04-24 13:00:00,32305.0,8.0,False,8.0
2024-04-24 14:00:00,32314.0,9.0,False,9.0
2024-04-24 15:00:00,32327.0,13.0,False,13.0
2024-04-24 16:00:00,32341.0,14.0,False,14.0
2024-04-24 17:00:00,32352.0,11.0,False,11.0
2024-04-24 18:00:00,32364.0,12.0,False,12.0
2024-04-24 19:00:00,32373.0,9.0,False,9.0
2024-04-24 20:00:00,32383.0,10.0,False,10.0
2024-04-24 21:00:00,32394.0,11.0,False,11.0
2024-04-24 22:00:00,32404.0,10.0,False,10.0
2024-04-24 23:00:00,32408.0,4.0,False,4.0
2024-04-25 00:00:00,32411.0,3.0,False,3.0
2024-04-25 01:00:00,32414.0,3.0,False,3.0
2024-04-25 02:00:00,32416.0,2.0,False,2.0
2024-04-25 03:00:00,32419.0,3.0,False,3.0
2024-04-25 04:00:00,32422.0,3.0,False,3.0
2024-04-25 05:00:00,32424.0,2.0,False,2.0
2024-04-25 06:00:00,32427.0,3.0,False,3.0
2024-04-25 07:00:00,32430.0,3.0,False,3.0
2024-04-25 08:00:00,32434.0,4.0,False,4.0
2024-04-25 09:00:00,32441.0,7.0,False,7.0
2024-04-25 10:00:00,32448.0,7.0,False,7.0
2024-04-25 11:00:00,32459.0,11.0,False,11.0
2024-04-25 12:00:00,32471.0,12.0,False,12.0
2024-04-25 13:00:00,32483.0,12.0,False,12.0
2024-04-25 14:00:00,32496.0,13.0,False,13.0
2024-04-25 15:00:00,32518.0,22.0,False,22.0
2024-04-25 16:00:00,32538.0,20.0,False,20.0
2024-04-25 17:00:00,32556.0,18.0,False,18.0
2024-04-25 18:00:00,32572.0,16.0,False,16.0
2024-04-25 19:00:00,32586.0,14.0,False,14.0
2024-04-25 20:00:00,32601.0,15.0,False,15.0
2024-04-25 21:00:00,32615.0,14.0,False,14.0
2024-04-25 22:00:00,32627.0,12.0,False,12.0
2024-04-25 23:00:00,32630.0,3.0,False,3.0
2024-04-26 00:00:00,32633.0,3.0,False,3.0
2024-04-26 01:00:00,32636.0,3.0,False,3.0
2024-04-26 02:00:00,32638.0,2.0,False,2.0
2024-04-26 03:00:00,32641.0,3.0,False,3.0
2024-04-26 04:00:00,32644.0,3.0,False,3.0
2024-04-26 05:00:00,32646.0,2.0,False,2.0
2024-04-26 06:00:00,32649.0,3.0,False,3.0
2024-04-26 07:00:00,32652.0,3.0,False,3.0
2024-04-26 08:00:00,32656.0,4.0,False,4.0
2024-04-26 09:00:00,32663.0,7.0,False,7.0
2024-04-26 10:00:00,32671.0,8.0,False,8.0
2024-04-26 11:00:00,32681.0,10.0,False,10.0
2024-04-26 12:00:00,32694.0,13.0,False,13.0
2024-04-26 13:00:00,32707.0,13.0,False,13.0
2024-04-26 14:00:00,32724.0,17.0,False,17.0
2024-04-26 15:00:00,32741.0,17.0,False,17.0
2024-04-26 16:00:00,32758.0,17.0,False,17.0
2024-04-26 17:00:00,32779.0,21.0,False,21.0
2024-04-26 18:00:00,32797.0,18.0,False,18.0
2024-04-26 19:00:00,32812.0,15.0,False,15.0
2024-04-26 20:00:00,32826.0,14.0,False,14.0
2024-04-26 21:00:00,32839.0,13.0,False,13.0
2024-04-26 22:00:00,32850.0,11.0,False,11.0
2024-04-26 23:00:00,32854.0,4.0,False,4.0
2024-04-27 00:00:00,32857.0,3.0,False,3.0
2024-04-27 01:00:00,32860.0,3.0,False,3.0
2024-04-27 02:00:00,32862.0,2.0,False,2.0
2024-04-27 03:00:00,32865.0,3.0,False,3.0
2024-04-27 04:00:00,32867.0,2.0,False,2.0
2024-04-27 05:00:00,32870.0,3.0,False,3.0
2024-04-27 06:00:00,32873.0,3.0,False,3.0
2024-04-27 07:00:00,32875.0,2.0,False,2.0
2024-04-27 08:00:00,32879.0,4.0,False,4.0
2024-04-27 09:00:00,32886.0,7.0,False,7.0
2024-04-27 10:00:00,32900.0,14.0,False,14.0
2024-04-27 11:00:00,32916.0,16.0,False,16.0
2024-04-27 12:00:00,32931.0,15.0,False,15.0
2024-04-27 13:00:00,32947.0,16.0,False,16.0
2024-04-27 14:00:00,32967.0,20.0,False,20.0
2024-04-27 15:00:00,32989.0,22.0,False,22.0
2024-04-27 16:00:00,33008.0,19.0,False,19.0
2024-04-27 17:00:00,33026.0,18.0,False,18.0
2024-04-27 18:00:00,33044.0,18.0,False,18.0
2024-04-27 19:00:00,33061.0,17.0,False,17.0
2024-04-27 20:00:00,33078.0,17.0,False,17.0
2024-04-27 21:00:00,33094.0,16.0,False,16.0
2024-04-27 22:00:00,33107.0,13.0,False,13.0
2024-04-27 23:00:00,33111.0,4.0,False,4.0
2024-04-28 00:00:00,33114.0,3.0,False,3.0
2024-04-28 01:00:00,33116.0,2.0,False,2.0
2024-04-28 02:00:00,33119.0,3.0,False,3.0
2024-04-28 03:00:00,33121.0,2.0,False,2.0
2024-04-28 04:00:00,33124.0,3.0,False,3.0
2024-04-28 05:00:00,33126.0,2.0,False,2.0
2024-04-28 06:00:00,33129.0,3.0,False,3.0
2024-04-28 07:00:00,33132.0,3.0,False,3.0
2024-04-28 08:00:00,33136.0,4.0,False,4.0
2024-04-28 09:00:00,33144.0,8.0,False,8.0
2024-04-28 10:00:00,33156.0,12.0,False,12.0
2024-04-28 11:00:00,33167.0,11.0,False,11.0
2024-04-28 12:00:00,33180.0,13.0,False,13.0
2024-04-28 13:00:00,33192.0,12.0,False,12.0
2024-04-28 14:00:00,33208.0,16.0,False,16.0
2024-04-28 15:00:00,33230.0,22.0,False,22.0
2024-04-28 16:00:00,33256.0,26.0,False,26.0
2024-04-28 17:00:00,33283.0,27.0,False,27.0
2024-04-28 18:00:00,33308.0,25.0,False,25.0
2024-04-28 19:00:00,33330.0,22.0,False,22.0
2024-04-28 20:00:00,33352.0,22.0,False,22.0
2024-04-28 21:00:00,33372.0,20.0,False,20.0
2024-04-28 22:00:00,33388.0,16.0,False,16.0
2024-04-28 23:00:00,33393.0,5.0,False,5.0
2024-04-29 00:00:00,33395.0,2.0,False,2.0
2024-04-29 01:00:00,33398.0,3.0,False,3.0
2024-04-29 02:00:00,33400.0,2.0,False,2.0
2024-04-29 03:00:00,33403.0,3.0,False,3.0
2024-04-29 04:00:00,33406.0,3.0,False,3.0
2024-04-29 05:00:00,33408.0,2.0,False,2.0
2024-04-29 06:00:00,33411.0,3.0,False,3.0
2024-04-29 07:00:00,33413.0,2.0,False,2.0
2024-04-29 08:00:00,33417.0,4.0,False,4.0
2024-04-29 09:00:00,33428.0,11.0,False,11.0
2024-04-29 10:00:00,33441.0,13.0,False,13.0
2024-04-29 11:00:00,33453.0,12.0,False,12.0
2024-04-29 12:00:00,33465.0,12.0,False,12.0
2024-04-29 13:00:00,33472.0,7.0,False,7.0
2024-04-29 14:00:00,33481.0,9.0,False,9.0
2024-04-29 15:00:00,33492.0,11.0,False,11.0
2024-04-29 16:00:00,33504.0,12.0,False,12.0
2024-04-29 17:00:00,33516.0,12.0,False,12.0
2024-04-29 18:00:00,33527.0,11.0,False,11.0
2024-04-29 19:00:00,33534.0,7.0,False,7.0
2024-04-29 20:00:00,33544.0,10.0,False,10.0
2024-04-29 21:00:00,33554.0,10.0,False,10.0
2024-04-29 22:00:00,33563.0,9.0,False,9.0
2024-04-29 23:00:00,33566.0,3.0,False,3.0
2024-04-30 00:00:00,33569.0,3.0,False,3.0
2024-04-30 01:00:00,33573.0,4.0,False,4.0
2024-04-30 02:00:00,33576.0,3.0,False,3.0
2024-04-30 03:00:00,33579.0,3.0,False,3.0
2024-04-30 04:00:00,33581.0,2.0,False,2.0
2024-04-30 05:00:00,33584.0,3.0,False,3.0
2024-04-30 06:00:00,33587.0,3.0,False,3.0
2024-04-30 07:00:00,33590.0,3.0,False,3.0
2024-04-30 08:00:00,33594.0,4.0,False,4.0
2024-04-30 09:00:00,33605.0,11.0,False,11.0
2024-04-30 10:00:00,33615.0,10.0,False,10.0
2024-04-30 11:00:00,33626.0,11.0,False,11.0
2024-04-30 12:00:00,33638.0,12.0,False,12.0
2024-04-30 13:00:00,,,False,11.29
2024-04-30 14:00:00,33654.0,,False,13.29
2024-04-30 15:00:00,33663.0,9.0,False,9.0
2024-04-30 16:00:00,33673.0,10.0,False,10.0
2024-04-30 17:00:00,33685.0,12.0,False,12.0
2024-04-30 18:00:00,33696.0,11.0,False,11.0
2024-04-30 19:00:00,33705.0,9.0,False,9.0
2024-04-30 20:00:00,33713.0,8.0,False,8.0
2024-04-30 21:00:00,33721.0,8.0,False,8.0
2024-04-30 22:00:00,33729.0,8.0,False,8.0
2024-04-30 23:00:00,33732.0,3.0,False,3.0
2024-05-01 00:00:00,33735.0,3.0,False,3.0
2024-05-01 01:00:00,33737.0,2.0,False,2.0
2024-05-01 02:00:00,33739.0,2.0,False,2.0
2024-05-01 03:00:00,33742.0,3.0,False,3.0
2024-05-01 04:00:00,33744.0,2.0,False,2.0
2024-05-01 05:00:00,33747.0,3.0,False,3.0
2024-05-01 06:00:00,33749.0,2.0,False,2.0
2024-05-01 07:00:00,33751.0,2.0,False,2.0
2024-05-01 08:00:00,33755.0,4.0,False,4.0
2024-05-01 09:00:00,33762.0,7.0,False,7.0
2024-05-01 10:00:00,33768.0,6.0,False,6.0
2024-05-01 11:00:00,33775.0,7.0,False,7.0
2024-05-01 12:00:00,33781.0,6.0,False,6.0
2024-05-01 13:00:00,33787.0,6.0,False,6.0
2024-05-01 14:00:00,33794.0,7.0,False,7.0
2024-05-01 15:00:00,33800.0,6.0,False,6.0
2024-05-01 16:00:00,33807.0,7.0,False,7.0
2024-05-01 17:00:00,33814.0,7.0,False,7.0
2024-05-01 18:00:00,33821.0,7.0,False,7.0
2024-05-01 19:00:00,33828.0,7.0,False,7.0
2024-05-01 20:00:00,33836.0,8.0,False,8.0
2024-05-01 21:00:00,33845.0,9.0,False,9.0
2024-05-01 22:00:00,33853.0,8.0,False,8.0
2024-05-01 23:00:00,33859.0,6.0,False,6.0
2024-05-02 00:00:00,33862.0,3.0,False,3.0
2024-05-02 01:00:00,33864.0,2.0,False,2.0
2024-05-02 02:00:00,33867.0,3.0,False,3.0
2024-05-02 03:00:00,33869.0,2.0,False,2.0
2024-05-02 04:00:00,33872.0,3.0,False,3.0
2024-05-02 05:00:00,33874.0,2.0,False,2.0
2024-05-02 06:00:00,33876.0,2.0,False,2.0
2024-05-02 07:00:00,33880.0,4.0,False,4.0
2024-05-02 08:00:00,33883.0,3.0,False,3.0
2024-05-02 09:00:00,33887.0,4.0,False,4.0
2024-05-02 10:00:00,33893.0,6.0,False,6.0
2024-05-02 11:00:00,33899.0,6.0,False,6.0
2024-05-02 12:00:00,33906.0,7.0,False,7.0
2024-05-02 13:00:00,33913.0,7.0,False,7.0
2024-05-02 14:00:00,33920.0,7.0,False,7.0
2024-05-02 15:00:00,33928.0,8.0,False,8.0
2024-05-02 16:00:00,33936.0,8.0,False,8.0
2024-05-02 17:00:00,33944.0,8.0,False,8.0
2024-05-02 18:00:00,33952.0,8.0,False,8.0
2024-05-02 19:00:00,33960.0,8.0,False,8.0
2024-05-02 20:00:00,33968.0,8.0,False,8.0
2024-05-02 21:00:00,33977.0,9.0,False,9.0
2024-05-02 22:00:00,33985.0,8.0,False,8.0
2024-05-02 23:00:00,33988.0,3.0,False,3.0
2024-05-03 00:00:00,33991.0,3.0,False,3.0
2024-05-03 01:00:00,33994.0,3.0,False,3.0
2024-05-03 02:00:00,33997.0,3.0,False,3.0
2024-05-03 03:00:00,33999.0,2.0,False,2.0
2024-05-03 04:00:00,34002.0,3.0,False,3.0
2024-05-03 05:00:00,34004.0,2.0,False,2.0
2024-05-03 06:00:00,34007.0,3.0,False,3.0
2024-05-03 07:00:00,34009.0,2.0,False,2.0
2024-05-03 08:00:00,34012.0,3.0,False,3.0
2024-05-03 09:00:00,34017.0,5.0,False,5.0
2024-05-03 10:00:00,34023.0,6.0,False,6.0
2024-05-03 11:00:00,34032.0,9.0,False,9.0
2024-05-03 12:00:00,34039.0,7.0,False,7.0
2024-05-03 13:00:00,34046.0,7.0,False,7.0
2024-05-03 14:00:00,34055.0,9.0,False,9.0
2024-05-03 15:00:00,34064.0,9.0,False,9.0
2024-05-03 16:00:00,34073.0,9.0,False,9.0
2024-05-03 17:00:00,34082.0,9.0,False,9.0
2024-05-03 18:00:00,34091.0,9.0,False,9.0
2024-05-03 19:00:00,34099.0,8.0,False,8.0
2024-05-03 20:00:00,34107.0,8.0,False,8.0
2024-05-03 21:00:00,34116.0,9.0,False,9.0
2024-05-03 22:00:00,34124.0,8.0,False,8.0
2024-05-03 23:00:00,34127.0,3.0,False,3.0
2024-05-04 00:00:00,34130.0,3.0,False,3.0
2024-05-04 01:00:00,34133.0,3.0,False,3.0
2024-05-04 02:00:00,34136.0,3.0,False,3.0
2024-05-04 03:00:00,34138.0,2.0,False,2.0
2024-05-04 04:00:00,34141.0,3.0,False,3.0
2024-05-04 05:00:00,34144.0,3.0,False,3.0
2024-05-04 06:00:00,34147.0,3.0,False,3.0
2024-05-04 07:00:00,34149.0,2.0,False,2.0
2024-05-04 08:00:00,34152.0,3.0,False,3.0
2024-05-04 09:00:00,34156.0,4.0,False,4.0
2024-05-04 10:00:00,34162.0,6.0,False,6.0
2024-05-04 11:00:00,34169.0,7.0,False,7.0
2024-05-04 12:00:00,34176.0,7.0,False,7.0
2024-05-04 13:00:00,34183.0,7.0,False,7.0
2024-05-04 14:00:00,34192.0,9.0,False,9.0
2024-05-04 15:00:00,34202.0,10.0,False,10.0
2024-05-04 16:00:00,34211.0,9.0,False,9.0
2024-05-04 17:00:00,34224.0,13.0,False,13.0
2024-05-04 18:00:00,34237.0,13.0,False,13.0
2024-05-04 19:00:00,34249.0,12.0,False,12.0
2024-05-04 20:00:00,34262.0,13.0,False,13.0
2024-05-04 21:00:00,34272.0,10.0,False,10.0
2024-05-04 22:00:00,34280.0,8.0,False,8.0
2024-05-04 23:00:00,34284.0,4.0,False,4.0
2024-05-05 00:00:00,34287.0,3.0,False,3.0
2024-05-05 01:00:00,34289.0,2.0,False,2.0
2024-05-05 02:00:00,34292.0,3.0,False,3.0
2024-05-05 03:00:00,34295.0,3.0,False,3.0
2024-05-05 04:00:00,34298.0,3.0,False,3.0
2024-05-05 05:00:00,34300.0,2.0,False,2.0
2024-05-05 06:00:00,34303.0,3.0,False,3.0
2024-05-05 07:00:00,34306.0,3.0,False,3.0
2024-05-05 08:00:00,34308.0,2.0,False,2.0
2024-05-05 09:00:00,34312.0,4.0,False,4.0
2024-05-05 10:00:00,34320.0,8.0,False,8.0
2024-05-05 11:00:00,34330.0,10.0,False,10.0
2024-05-05 12:00:00,34340.0,10.0,False,10.0
2024-05-05 13:00:00,34349.0,9.0,False,9.0
2024-05-05 14:00:00,34358.0,9.0,False,9.0
2024-05-05 15:00:00,34367.0,9.0,False,9.0
2024-05-05 16:00:00,34376.0,9.0,False,9.0
2024-05-05 17:00:00,34385.0,9.0,False,9.0
2024-05-05 18:00:00,34395.0,10.0,False,10.0
2024-05-05 19:00:00,34404.0,9.0,False,9.0
2024-05-05 20:00:00,34413.0,9.0,False,9.0
2024-05-05 21:00:00,34422.0,9.0,False,9.0
2024-05-05 22:00:00,34431.0,9.0,False,9.0
2024-05-05 23:00:00,34435.0,4.0,False,4.0
2024-05-06 00:00:00,34437.0,2.0,False,2.0
2024-05-06 01:00:00,34440.0,3.0,False,3.0
2024-05-06 02:00:00,34442.0,2.0,False,2.0
2024-05-06 03:00:00,34445.0,3.0,False,3.0
2024-05-06 04:00:00,34448.0,3.0,False,3.0
2024-05-06 05:00:00,34450.0,2.0,False,2.0
2024-05-06 06:00:00,34453.0,3.0,False,3.0
2024-05-06 07:00:00,34456.0,3.0,False,3.0
2024-05-06 08:00:00,34460.0,4.0,False,4.0
2024-05-06 09:00:00,34467.0,7.0,False,7.0
2024-05-06 10:00:00,34477.0,10.0,False,10.0
2024-05-06 11:00:00,34489.0,12.0,False,12.0
2024-05-06 12:00:00,34500.0,11.0,False,11.0
2024-05-06 13:00:00,34508.0,8.0,False,8.0
2024-05-06 14:00:00,34518.0,10.0,False,10.0
2024-05-06 15:00:00,34531.0,13.0,False,13.0
2024-05-06 16:00:00,34543.0,12.0,False,12.0
2024-05-06 17:00:00,34556.0,13.0,False,13.0
2024-05-06 18:00:00,34570.0,14.0,False,14.0
2024-05-06 19:00:00,34581.0,11.0,False,11.0
2024-05-06 20:00:00,34590.0,9.0,False,9.0
2024-05-06 21:00:00,34601.0,11.0,False,11.0
2024-05-06 22:00:00,34612.0,11.0,False,11.0
2024-05-06 23:00:00,34616.0,4.0,False,4.0
2024-05-07 00:00:00,34618.0,2.0,False,2.0
2024-05-07 01:00:00,34621.0,3.0,False,3.0
2024-05-07 02:00:00,34624.0,3.0,False,3.0
2024-05-07 03:00:00,34626.0,2.0,False,2.0
2024-05-07 04:00:00,34629.0,3.0,False,3.0
2024-05-07 05:00:00,34631.0,2.0,False,2.0
2024-05-07 06:00:00,34634.0,3.0,False,3.0
2024-05-07 07:00:00,34637.0,3.0,False,3.0
2024-05-07 08:00:00,34641.0,4.0,False,4.0
2024-05-07 09:00:00,34652.0,11.0,False,11.0
2024-05-07 10:00:00,34663.0,11.0,False,11.0
2024-05-07 11:00:00,34677.0,14.0,False,14.0
2024-05-07 12:00:00,34690.0,13.0,False,13.0
2024-05-07 13:00:00,34700.0,10.0,False,10.0
2024-05-07 14:00:00,34711.0,11.0,False,11.0
2024-05-07 15:00:00,34724.0,13.0,False,13.0
2024-05-07 16:00:00,34738.0,14.0,False,14.0
2024-05-07 17:00:00,34758.0,20.0,False,20.0
2024-05-07 18:00:00,34779.0,21.0,False,21.0
2024-05-07 19:00:00,34796.0,17.0,False,17.0
2024-05-07 20:00:00,34809.0,13.0,False,13.0
2024-05-07 21:00:00,34822.0,13.0,False,13.0
2024-05-07 22:00:00,34832.0,10.0,False,10.0
2024-05-07 23:00:00,34837.0,5.0,False,5.0
2024-05-08 00:00:00,34839.0,2.0,False,2.0
2024-05-08 01:00:00,34842.0,3.0,False,3.0
2024-05-08 02:00:00,34845.0,3.0,False,3.0
2024-05-08 03:00:00,34848.0,3.0,False,3.0
2024-05-08 04:00:00,34851.0,3.0,False,3.0
2024-05-08 05:00:00,34854.0,3.0,False,3.0
2024-05-08 06:00:00,34856.0,2.0,False,2.0
2024-05-08 07:00:00,34860.0,4.0,False,4.0
2024-05-08 08:00:00,34865.0,5.0,False,5.0
2024-05-08 09:00:00,34875.0,10.0,False,10.0
2024-05-08 10:00:00,34888.0,13.0,False,13.0
2024-05-08 11:00:00,34902.0,14.0,False,14.0
2024-05-08 12:00:00,34915.0,13.0,False,13.0
2024-05-08 13:00:00,34925.0,10.0,False,10.0
2024-05-08 14:00:00,34938.0,13.0,False,13.0
2024-05-08 15:00:00,34959.0,21.0,False,21.0
2024-05-08 16:00:00,34982.0,23.0,False,23.0
2024-05-08 17:00:00,35007.0,25.0,False,25.0
2024-05-08 18:00:00,35026.0,19.0,False,19.0
2024-05-08 19:00:00,35040.0,14.0,False,14.0
2024-05-08 20:00:00,35054.0,14.0,False,14.0
2024-05-08 21:00:00,35066.0,12.0,False,12.0
2024-05-08 22:00:00,35077.0,11.0,False,11.0
2024-05-08 23:00:00,35084.0,7.0,False,7.0
2024-05-09 00:00:00,35086.0,2.0,False,2.0
2024-05-09 01:00:00,35089.0,3.0,False,3.0
2024-05-09 02:00:00,35091.0,2.0,False,2.0
2024-05-09 03:00:00,35094.0,3.0,False,3.0
2024-05-09 04:00:00,35097.0,3.0,False,3.0
2024-05-09 05:00:00,35099.0,2.0,False,2.0
2024-05-09 06:00:00,35102.0,3.0,False,3.0
2024-05-09 07:00:00,35105.0,3.0,False,3.0
2024-05-09 08:00:00,35110.0,5.0,False,5.0
2024-05-09 09:00:00,35120.0,10.0,False,10.0
2024-05-09 10:00:00,35131.0,11.0,False,11.0
2024-05-09 11:00:00,35145.0,14.0,False,14.0
2024-05-09 12:00:00,35160.0,15.0,False,15.0
2024-05-09 13:00:00,35171.0,11.0,False,11.0
2024-05-09 14:00:00,35183.0,12.0,False,12.0
2024-05-09 15:00:00,35206.0,23.0,False,23.0
2024-05-09 16:00:00,35235.0,29.0,True,12.0
2024-05-09 17:00:00,35257.0,22.0,False,22.0
2024-05-09 18:00:00,35277.0,20.0,False,20.0
2024-05-09 19:00:00,35294.0,17.0,False,17.0
2024-05-09 20:00:00,35308.0,14.0,False,14.0
2024-05-09 21:00:00,35322.0,14.0,False,14.0
2024-05-09 22:00:00,35334.0,12.0,False,12.0
2024-05-09 23:00:00,35339.0,5.0,False,5.0
2024-05-10 00:00:00,35341.0,2.0,False,2.0
2024-05-10 01:00:00,35344.0,3.0,False,3.0
2024-05-10 02:00:00,35346.0,2.0,False,2.0
2024-05-10 03:00:00,35349.0,3.0,False,3.0
2024-05-10 04:00:00,35352.0,3.0,False,3.0
2024-05-10 05:00:00,35354.0,2.0,False,2.0
2024-05-10 06:00:00,35357.0,3.0,False,3.0
2024-05-10 07:00:00,35360.0,3.0,False,3.0
2024-05-10 08:00:00,35366.0,6.0,False,6.0
2024-05-10 09:00:00,35376.0,10.0,False,10.0
2024-05-10 10:00:00,35391.0,15.0,False,15.0
2024-05-10 11:00:00,35415.0,24.0,False,24.0
2024-05-10 12:00:00,35437.0,22.0,False,22.0
2024-05-10 13:00:00,35449.0,12.0,False,12.0
2024-05-10 14:00:00,35463.0,14.0,False,14.0
2024-05-10 15:00:00,35483.0,20.0,False,20.0
2024-05-10 16:00:00,35505.0,22.0,False,22.0
2024-05-10 17:00:00,35531.0,26.0,False,26.0
2024-05-10 18:00:00,35556.0,25.0,False,25.0
2024-05-10 19:00:00,35577.0,21.0,False,21.0
2024-05-10 20:00:00,35593.0,16.0,False,16.0
2024-05-10 21:00:00,35605.0,12.0,False,12.0
2024-05-10 22:00:00,35614.0,9.0,False,9.0
2024-05-10 23:00:00,35621.0,7.0,False,7.0
2024-05-11 00:00:00,35624.0,3.0,False,3.0
2024-05-11 01:00:00,35626.0,2.0,False,2.0
2024-05-11 02:00:00,35629.0,3.0,False,3.0
2024-05-11 03:00:00,35632.0,3.0,False,3.0
2024-05-11 04:00:00,35635.0,3.0,False,3.0
2024-05-11 05:00:00,35637.0,2.0,False,2.0
2024-05-11 06:00:00,35640.0,3.0,False,3.0
2024-05-11 07:00:00,35643.0,3.0,False,3.0
2024-05-11 08:00:00,35647.0,4.0,False,4.0
2024-05-11 09:00:00,35652.0,5.0,False,5.0
2024-05-11 10:00:00,35661.0,9.0,False,9.0
2024-05-11 11:00:00,35671.0,10.0,False,10.0
2024-05-11 12:00:00,35684.0,13.0,False,13.0
2024-05-11 13:00:00,35698.0,14.0,False,14.0
2024-05-11 14:00:00,35711.0,13.0,False,13.0
2024-05-11 15:00:00,35726.0,15.0,False,15.0
2024-05-11 16:00:00,35741.0,15.0,False,15.0
2024-05-11 17:00:00,35757.0,16.0,False,16.0
2024-05-11 18:00:00,35774.0,17.0,False,17.0
2024-05-11 19:00:00,35789.0,15.0,False,15.0
2024-05-11 20:00:00,35804.0,15.0,False,15.0
2024-05-11 21:00:00,35817.0,13.0,False,13.0
2024-05-11 22:00:00,35830.0,13.0,False,13.0
2024-05-11 23:00:00,35834.0,4.0,False,4.0
2024-05-12 00:00:00,35837.0,3.0,False,3.0
2024-05-12 01:00:00,35840.0,3.0,False,3.0
2024-05-12 02:00:00,35842.0,2.0,False,2.0
2024-05-12 03:00:00,35845.0,3.0,False,3.0
2024-05-12 04:00:00,35848.0,3.0,False,3.0
2024-05-12 05:00:00,35851.0,3.0,False,3.0
2024-05-12 06:00:00,35853.0,2.0,False,2.0
2024-05-12 07:00:00,35857.0,4.0,False,4.0
2024-05-12 08:00:00,35860.0,3.0,False,3.0
2024-05-12 09:00:00,35864.0,4.0,False,4.0
2024-05-12 10:00:00,35872.0,8.0,False,8.0
2024-05-12 11:00:00,35881.0,9.0,False,9.0
2024-05-12 12:00:00,35891.0,10.0,False,10.0
2024-05-12 13:00:00,35903.0,12.0,False,12.0
2024-05-12 14:00:00,35917.0,14.0,False,14.0
2024-05-12 15:00:00,35933.0,16.0,False,16.0
2024-05-12 16:00:00,35951.0,18.0,False,18.0
2024-05-12 17:00:00,35969.0,18.0,False,18.0
2024-05-12 18:00:00,35985.0,16.0,False,16.0
2024-05-12 19:00:00,36000.0,15.0,False,15.0
2024-05-12 20:00:00,36014.0,14.0,False,14.0
2024-05-12 21:00:00,36026.0,12.0,False,12.0
2024-05-12 22:00:00,36038.0,12.0,False,12.0
2024-05-12 23:00:00,36041.0,3.0,False,3.0
2024-05-13 00:00:00,36044.0,3.0,False,3.0
2024-05-13 01:00:00,36047.0,3.0,False,3.0
2024-05-13 02:00:00,36049.0,2.0,False,2.0
2024-05-13 03:00:00,36052.0,3.0,False,3.0
2024-05-13 04:00:00,36055.0,3.0,False,3.0
2024-05-13 05:00:00,36057.0,2.0,False,2.0
2024-05-13 06:00:00,36060.0,3.0,False,3.0
2024-05-13 07:00:00,36063.0,3.0,False,3.0
2024-05-13 08:00:00,36067.0,4.0,False,4.0
2024-05-13 09:00:00,36074.0,7.0,False,7.0
2024-05-13 10:00:00,36085.0,11.0,False,11.0
2024-05-13 11:00:00,36105.0,20.0,False,20.0
2024-05-13 12:00:00,36125.0,20.0,False,20.0
2024-05-13 13:00:00,36139.0,14.0,False,14.0
2024-05-13 14:00:00,36157.0,18.0,False,18.0
2024-05-13 15:00:00,36179.0,22.0,False,22.0
2024-05-13 16:00:00,36202.0,23.0,False,23.0
2024-05-13 17:00:00,36226.0,24.0,False,24.0
2024-05-13 18:00:00,36249.0,23.0,False,23.0
2024-05-13 19:00:00,36270.0,21.0,False,21.0
2024-05-13 20:00:00,36288.0,18.0,False,18.0
2024-05-13 21:00:00,36305.0,17.0,False,17.0
2024-05-13 22:00:00,36320.0,15.0,False,15.0
2024-05-13 23:00:00,36324.0,4.0,False,4.0
2024-05-14 00:00:00,36327.0,3.0,False,3.0
2024-05-14 01:00:00,36329.0,2.0,False,2.0
2024-05-14 02:00:00,36332.0,3.0,False,3.0
2024-05-14 03:00:00,36334.0,2.0,False,2.0
2024-05-14 04:00:00,36337.0,3.0,False,3.0
2024-05-14 05:00:00,36340.0,3.0,False,3.0
2024-05-14 06:00:00,36343.0,3.0,False,3.0
2024-05-14 07:00:00,36345.0,2.0,False,2.0
2024-05-14 08:00:00,36352.0,7.0,False,7.0
2024-05-14 09:00:00,36370.0,18.0,False,18.0
2024-05-14 10:00:00,36391.0,21.0,False,21.0
2024-05-14 11:00:00,36417.0,26.0,False,26.0
2024-05-14 12:00:00,36442.0,25.0,False,25.0
2024-05-14 13:00:00,36464.0,22.0,False,22.0
2024-05-14 14:00:00,36487.0,23.0,False,23.0
2024-05-14 15:00:00,36512.0,25.0,False,25.0
2024-05-14 16:00:00,36541.0,29.0,False,29.0
2024-05-14 17:00:00,36574.0,33.0,False,33.0
2024-05-14 18:00:00,36609.0,35.0,False,35.0
2024-05-14 19:00:00,36641.0,32.0,False,32.0
2024-05-14 20:00:00,36663.0,22.0,False,22.0
2024-05-14 21:00:00,36680.0,17.0,False,17.0
2024-05-14 22:00:00,36699.0,19.0,False,19.0
2024-05-14 23:00:00,36706.0,7.0,False,7.0
2024-05-15 00:00:00,36708.0,2.0,False,2.0
2024-05-15 01:00:00,36711.0,3.0,False,3.0
2024-05-15 02:00:00,36713.0,2.0,False,2.0
2024-05-15 03:00:00,36716.0,3.0,False,3.0
2024-05-15 04:00:00,36719.0,3.0,False,3.0
2024-05-15 05:00:00,36722.0,3.0,False,3.0
2024-05-15 06:00:00,36724.0,2.0,False,2.0
2024-05-15 07:00:00,36727.0,3.0,False,3.0
2024-05-15 08:00:00,36734.0,7.0,False,7.0
2024-05-15 09:00:00,36752.0,18.0,False,18.0
2024-05-15 10:00:00,36773.0,21.0,False,21.0
2024-05-15 11:00:00,36796.0,23.0,False,23.0
2024-05-15 12:00:00,36822.0,26.0,False,26.0
2024-05-15 13:00:00,36842.0,20.0,False,20.0
2024-05-15 14:00:00,36863.0,21.0,False,21.0
2024-05-15 15:00:00,36887.0,24.0,False,24.0
2024-05-15 16:00:00,36912.0,25.0,False,25.0
2024-05-15 17:00:00,36939.0,27.0,False,27.0
2024-05-15 18:00:00,36967.0,28.0,False,28.0
2024-05-15 19:00:00,36990.0,23.0,False,23.0
2024-05-15 20:00:00,37011.0,21.0,False,21.0
2024-05-15 21:00:00,37032.0,21.0,False,21.0
2024-05-15 22:00:00,37048.0,16.0,False,16.0
2024-05-15 23:00:00,37053.0,5.0,False,5.0
2024-05-16 00:00:00,37055.0,2.0,False,2.0
2024-05-16 01:00:00,37058.0,3.0,False,3.0
2024-05-16 02:00:00,37061.0,3.0,False,3.0
2024-05-16 03:00:00,37063.0,2.0,False,2.0
2024-05-16 04:00:00,37066.0,3.0,False,3.0
2024-05-16 05:00:00,37069.0,3.0,False,3.0
2024-05-16 06:00:00,37071.0,2.0,False,2.0
2024-05-16 07:00:00,37074.0,3.0,False,3.0
2024-05-16 08:00:00,37079.0,5.0,False,5.0
2024-05-16 09:00:00,37094.0,15.0,False,15.0
2024-05-16 10:00:00,37112.0,18.0,False,18.0
2024-05-16 11:00:00,37137.0,25.0,False,25.0
2024-05-16 12:00:00,37164.0,27.0,False,27.0
2024-05-16 13:00:00,37189.0,25.0,False,25.0
2024-05-16 14:00:00,37213.0,24.0,False,24.0
2024-05-16 15:00:00,37239.0,26.0,False,26.0
2024-05-16 16:00:00,37267.0,28.0,False,28.0
2024-05-16 17:00:00,37295.0,28.0,False,28.0
2024-05-16 18:00:00,37320.0,25.0,False,25.0
2024-05-16 19:00:00,37343.0,23.0,False,23.0
2024-05-16 20:00:00,37364.0,21.0,False,21.0
2024-05-16 21:00:00,37389.0,25.0,False,25.0
2024-05-16 22:00:00,37409.0,20.0,False,20.0
2024-05-16 23:00:00,37413.0,4.0,False,4.0
2024-05-17 00:00:00,37416.0,3.0,False,3.0
2024-05-17 01:00:00,37419.0,3.0,False,3.0
2024-05-17 02:00:00,37422.0,3.0,False,3.0
2024-05-17 03:00:00,37425.0,3.0,False,3.0
2024-05-17 04:00:00,37428.0,3.0,False,3.0
2024-05-17 05:00:00,37431.0,3.0,False,3.0
2024-05-17 06:00:00,37433.0,2.0,False,2.0
2024-05-17 07:00:00,37436.0,3.0,False,3.0
2024-05-17 08:00:00,37443.0,7.0,False,7.0
2024-05-17 09:00:00,37464.0,21.0,False,21.0
2024-05-17 10:00:00,37490.0,26.0,False,26.0
2024-05-17 11:00:00,37519.0,29.0,False,29.0
2024-05-17 12:00:00,37550.0,31.0,False,31.0
2024-05-17 13:00:00,37581.0,31.0,False,31.0
2024-05-17 14:00:00,37617.0,36.0,False,36.0
2024-05-17 15:00:00,37653.0,36.0,False,36.0
2024-05-17 16:00:00,37688.0,35.0,False,35.0
2024-05-17 17:00:00,37725.0,37.0,False,37.0
2024-05-17 18:00:00,37756.0,31.0,False,31.0
2024-05-17 19:00:00,37781.0,25.0,False,25.0
2024-05-17 20:00:00,37801.0,20.0,False,20.0
2024-05-17 21:00:00,37821.0,20.0,False,20.0
2024-05-17 22:00:00,37836.0,15.0,False,15.0
2024-05-17 23:00:00,37841.0,5.0,False,5.0
2024-05-18 00:00:00,37843.0,2.0,False,2.0
2024-05-18 01:00:00,37846.0,3.0,False,3.0
2024-05-18 02:00:00,37849.0,3.0,False,3.0
2024-05-18 03:00:00,37851.0,2.0,False,2.0
2024-05-18 04:00:00,37854.0,3.0,False,3.0
2024-05-18 05:00:00,37856.0,2.0,False,2.0
2024-05-18 06:00:00,37859.0,3.0,False,3.0
2024-05-18 07:00:00,37862.0,3.0,False,3.0
2024-05-18 08:00:00,37866.0,4.0,False,4.0
2024-05-18 09:00:00,37876.0,10.0,False,10.0
2024-05-18 10:00:00,37893.0,17.0,False,17.0
2024-05-18 11:00:00,37913.0,20.0,False,20.0
2024-05-18 12:00:00,37934.0,21.0,False,21.0
2024-05-18 13:00:00,37955.0,21.0,False,21.0
2024-05-18 14:00:00,37983.0,28.0,False,28.0
2024-05-18 15:00:00,38011.0,28.0,False,28.0
2024-05-18 16:00:00,38041.0,30.0,False,30.0
2024-05-18 17:00:00,38070.0,29.0,False,29.0
2024-05-18 18:00:00,38099.0,29.0,False,29.0
2024-05-18 19:00:00,38124.0,25.0,False,25.0
2024-05-18 20:00:00,38149.0,25.0,False,25.0
2024-05-18 21:00:00,38172.0,23.0,False,23.0
2024-05-18 22:00:00,38193.0,21.0,False,21.0
2024-05-18 23:00:00,38199.0,6.0,False,6.0
2024-05-19 00:00:00,38202.0,3.0,False,3.0
2024-05-19 01:00:00,38205.0,3.0,False,3.0
2024-05-19 02:00:00,38208.0,3.0,False,3.0
2024-05-19 03:00:00,38211.0,3.0,False,3.0
2024-05-19 04:00:00,38214.0,3.0,False,3.0
2024-05-19 05:00:00,38217.0,3.0,False,3.0
2024-05-19 06:00:00,38220.0,3.0,False,3.0
2024-05-19 07:00:00,38223.0,3.0,False,3.0
2024-05-19 08:00:00,38226.0,3.0,False,3.0
2024-05-19 09:00:00,38238.0,12.0,False,12.0
2024-05-19 10:00:00,38260.0,22.0,False,22.0
2024-05-19 11:00:00,38285.0,25.0,False,25.0
2024-05-19 12:00:00,38307.0,22.0,False,22.0
2024-05-19 13:00:00,38331.0,24.0,False,24.0
2024-05-19 14:00:00,38354.0,23.0,False,23.0
2024-05-19 15:00:00,38380.0,26.0,False,26.0
2024-05-19 16:00:00,38407.0,27.0,False,27.0
2024-05-19 17:00:00,38433.0,26.0,False,26.0
2024-05-19 18:00:00,38457.0,24.0,False,24.0
2024-05-19 19:00:00,38481.0,24.0,False,24.0
2024-05-19 20:00:00,38504.0,23.0,False,23.0
2024-05-19 21:00:00,38527.0,23.0,False,23.0
2024-05-19 22:00:00,38547.0,20.0,False,20.0
2024-05-19 23:00:00,38554.0,7.0,False,7.0
2024-05-20 00:00:00,38557.0,3.0,False,3.0
2024-05-20 01:00:00,38561.0,4.0,False,4.0
2024-05-20 02:00:00,38565.0,4.0,False,4.0
2024-05-20 03:00:00,38569.0,4.0,False,4.0
2024-05-20 04:00:00,38572.0,3.0,False,3.0
2024-05-20 05:00:00,38576.0,4.0,False,4.0
2024-05-20 06:00:00,38580.0,4.0,False,4.0
2024-05-20 07:00:00,38584.0,4.0,False,4.0
2024-05-20 08:00:00,38590.0,6.0,False,6.0
2024-05-20 09:00:00,38613.0,23.0,False,23.0
2024-05-20 10:00:00,38637.0,24.0,False,24.0
2024-05-20 11:00:00,38663.0,26.0,False,26.0
2024-05-20 12:00:00,38688.0,25.0,False,25.0
2024-05-20 13:00:00,38710.0,22.0,False,22.0
2024-05-20 14:00:00,38735.0,25.0,False,25.0
2024-05-20 15:00:00,38759.0,24.0,False,24.0
2024-05-20 16:00:00,38785.0,26.0,False,26.0
2024-05-20 17:00:00,38813.0,28.0,False,28.0
2024-05-20 18:00:00,38839.0,26.0,False,26.0
2024-05-20 19:00:00,38864.0,25.0,False,25.0
2024-05-20 20:00:00,38888.0,24.0,False,24.0
2024-05-20 21:00:00,38911.0,23.0,False,23.0
2024-05-20 22:00:00,38933.0,22.0,False,22.0
2024-05-20 23:00:00,38940.0,7.0,False,7.0
2024-05-21 00:00:00,38943.0,3.0,False,3.0
2024-05-21 01:00:00,38945.0,2.0,False,2.0
2024-05-21 02:00:00,38948.0,3.0,False,3.0
2024-05-21 03:00:00,38951.0,3.0,False,3.0
2024-05-21 04:00:00,38955.0,4.0,False,4.0
2024-05-21 05:00:00,38959.0,4.0,False,4.0
2024-05-21 06:00:00,38962.0,3.0,False,3.0
2024-05-21 07:00:00,38966.0,4.0,False,4.0
2024-05-21 08:00:00,38972.0,6.0,False,6.0
2024-05-21 09:00:00,38984.0,12.0,False,12.0
2024-05-21 10:00:00,39002.0,18.0,False,18.0
2024-05-21 11:00:00,39026.0,24.0,False,24.0
2024-05-21 12:00:00,39050.0,24.0,False,24.0
2024-05-21 13:00:00,39074.0,24.0,False,24.0
2024-05-21 14:00:00,39098.0,24.0,False,24.0
2024-05-21 15:00:00,39126.0,28.0,False,28.0
2024-05-21 16:00:00,39157.0,31.0,False,31.0
2024-05-21 17:00:00,39191.0,34.0,False,34.0
2024-05-21 18:00:00,39224.0,33.0,False,33.0
2024-05-21 19:00:00,39249.0,25.0,False,25.0
2024-05-21 20:00:00,39275.0,26.0,False,26.0
2024-05-21 21:00:00,39301.0,26.0,False,26.0
2024-05-21 22:00:00,39319.0,18.0,False,18.0
2024-05-21 23:00:00,39323.0,4.0,False,4.0
2024-05-22 00:00:00,39326.0,3.0,False,3.0
2024-05-22 01:00:00,39328.0,2.0,False,2.0
2024-05-22 02:00:00,39331.0,3.0,False,3.0
2024-05-22 03:00:00,39334.0,3.0,False,3.0
2024-05-22 04:00:00,39336.0,2.0,False,2.0
2024-05-22 05:00:00,39339.0,3.0,False,3.0
2024-05-22 06:00:00,39342.0,3.0,False,3.0
2024-05-22 07:00:00,39344.0,2.0,False,2.0
2024-05-22 08:00:00,39351.0,7.0,False,7.0
2024-05-22 09:00:00,39371.0,20.0,False,20.0
2024-05-22 10:00:00,39395.0,24.0,False,24.0
2024-05-22 11:00:00,39421.0,26.0,False,26.0
2024-05-22 12:00:00,39448.0,27.0,False,27.0
2024-05-22 13:00:00,39472.0,24.0,False,24.0
2024-05-22 14:00:00,39499.0,27.0,False,27.0
2024-05-22 15:00:00,39528.0,29.0,False,29.0
2024-05-22 16:00:00,39556.0,28.0,False,28.0
2024-05-22 17:00:00,39588.0,32.0,False,32.0
2024-05-22 18:00:00,39618.0,30.0,False,30.0
2024-05-22 19:00:00,39645.0,27.0,False,27.0
2024-05-22 20:00:00,39669.0,24.0,False,24.0
2024-05-22 21:00:00,39696.0,27.0,False,27.0
2024-05-22 22:00:00,39720.0,24.0,False,24.0
2024-05-22 23:00:00,39727.0,7.0,False,7.0
2024-05-23 00:00:00,39729.0,2.0,False,2.0
2024-05-23 01:00:00,39732.0,3.0,False,3.0
2024-05-23 02:00:00,39734.0,2.0,False,2.0
2024-05-23 03:00:00,39737.0,3.0,False,3.0
2024-05-23 04:00:00,39739.0,2.0,False,2.0
2024-05-23 05:00:00,39742.0,3.0,False,3.0
2024-05-23 06:00:00,39745.0,3.0,False,3.0
2024-05-23 07:00:00,39748.0,3.0,False,3.0
2024-05-23 08:00:00,39759.0,11.0,False,11.0
2024-05-23 09:00:00,39782.0,23.0,False,23.0
2024-05-23 10:00:00,39808.0,26.0,False,26.0
2024-05-23 11:00:00,39832.0,24.0,False,24.0
2024-05-23 12:00:00,39862.0,30.0,False,30.0
2024-05-23 13:00:00,39890.0,28.0,False,28.0
2024-05-23 14:00:00,39915.0,25.0,False,25.0
2024-05-23 15:00:00,39943.0,28.0,False,28.0
2024-05-23 16:00:00,39974.0,31.0,False,31.0
2024-05-23 17:00:00,40008.0,34.0,False,34.0
2024-05-23 18:00:00,40037.0,29.0,False,29.0
2024-05-23 19:00:00,40062.0,25.0,False,25.0
2024-05-23 20:00:00,40085.0,23.0,False,23.0
2024-05-23 21:00:00,40107.0,22.0,False,22.0
2024-05-23 22:00:00,40128.0,21.0,False,21.0
2024-05-23 23:00:00,40136.0,8.0,False,8.0
2024-05-24 00:00:00,40138.0,2.0,False,2.0
2024-05-24 01:00:00,40141.0,3.0,False,3.0
2024-05-24 02:00:00,40143.0,2.0,False,2.0
2024-05-24 03:00:00,40146.0,3.0,False,3.0
2024-05-24 04:00:00,40149.0,3.0,False,3.0
2024-05-24 05:00:00,40151.0,2.0,False,2.0
2024-05-24 06:00:00,40154.0,3.0,False,3.0
2024-05-24 07:00:00,40157.0,3.0,False,3.0
2024-05-24 08:00:00,40166.0,9.0,False,9.0
2024-05-24 09:00:00,40197.0,31.0,False,31.0
2024-05-24 10:00:00,40226.0,29.0,False,29.0
2024-05-24 11:00:00,40256.0,30.0,False,30.0
2024-05-24 12:00:00,40291.0,35.0,False,35.0
2024-05-24 13:00:00,40318.0,27.0,False,27.0
2024-05-24 14:00:00,40350.0,32.0,False,32.0
2024-05-24 15:00:00,40383.0,33.0,False,33.0
2024-05-24 16:00:00,40416.0,33.0,False,33.0
2024-05-24 17:00:00,40448.0,32.0,False,32.0
2024-05-24 18:00:00,40478.0,30.0,False,30.0
2024-05-24 19:00:00,40503.0,25.0,False,25.0
2024-05-24 20:00:00,40528.0,25.0,False,25.0
2024-05-24 21:00:00,40555.0,27.0,False,27.0
2024-05-24 22:00:00,40580.0,25.0,False,25.0
2024-05-24 23:00:00,40589.0,9.0,False,9.0
2024-05-25 00:00:00,40592.0,3.0,False,3.0
2024-05-25 01:00:00,40595.0,3.0,False,3.0
2024-05-25 02:00:00,40600.0,5.0,False,5.0
2024-05-25 03:00:00,40605.0,5.0,False,5.0
2024-05-25 04:00:00,40609.0,4.0,False,4.0
2024-05-25 05:00:00,40614.0,5.0,False,5.0
2024-05-25 06:00:00,40618.0,4.0,False,4.0
2024-05-25 07:00:00,40625.0,7.0,False,7.0
2024-05-25 08:00:00,40639.0,14.0,False,14.0
